2350003,28,21.897332906723022,2024-5-31--19:12
2350003,28,25.109036922454834,2024-5-31--19:15
2350004,42,95.08842015266418,2024-5-31--19:16
2350005,23,26.093597173690796,2024-5-31--19:17
3000001,37,29.183919429779053,2024-6-6--17:47:25
3000002,7,3.0829684734344482,2024-6-6--17:47:28
3000003,0,0.003935098648071289,2024-6-6--17:47:28
3000004,70,44.326220750808716,2024-6-6--17:48:12
3000001,37,19.340030193328857,2024-6-6--18:1:39
3000002,7,2.1285996437072754,2024-6-6--18:1:42
3000003,0,0.0033311843872070312,2024-6-6--18:1:42
3000004,70,32.88672924041748,2024-6-6--18:2:14
3000005,111,58.9976487159729,2024-6-6--18:3:13
3000006,0,0.0038716793060302734,2024-6-6--18:3:13
3000007,2,0.7474846839904785,2024-6-6--18:3:14
3165435,15,6.632267713546753,2024-6-6--18:4:36
3165436,103,55.309699058532715,2024-6-6--18:5:32
3165335,38,17.58050537109375,2024-6-6--18:7:17
3165336,70,32.97306990623474,2024-6-6--18:7:50
3165337,13,9.450359582901001,2024-6-6--18:7:59
3165338,13,5.143684387207031,2024-6-6--18:8:5
3165339,2,0.6025903224945068,2024-6-6--18:8:5
3165340,45,20.179259300231934,2024-6-6--18:8:25
3165341,71,36.75454092025757,2024-6-6--18:9:2
3165342,116,63.420125007629395,2024-6-6--18:10:6
3165343,12,5.9645609855651855,2024-6-6--18:10:11
3165344,101,51.76553416252136,2024-6-6--18:11:3
3165345,46,19.36039900779724,2024-6-6--18:11:23
3165346,12,5.09405517578125,2024-6-6--18:11:28
3165347,27,16.354414224624634,2024-6-6--18:11:44
3165348,46,26.272422552108765,2024-6-6--18:12:10
3165349,38,15.307963609695435,2024-6-6--18:12:26
3165350,2,0.5519630908966064,2024-6-6--18:12:26
3165351,49,22.867456674575806,2024-6-6--18:12:49
3165352,2,1.004408359527588,2024-6-6--18:12:50
3165353,17,7.304511785507202,2024-6-6--18:12:57
3165354,96,49.57028794288635,2024-6-6--18:13:47
3165355,44,19.90910029411316,2024-6-6--18:14:7
3165356,14,6.499447822570801,2024-6-6--18:14:13
3165357,13,5.885638236999512,2024-6-6--18:14:19
3165358,3,0.8782844543457031,2024-6-6--18:14:20
3165359,20,8.337363719940186,2024-6-6--18:14:28
3165360,63,31.89657759666443,2024-6-6--18:15:0
3165361,83,63.335652112960815,2024-6-6--18:16:4
3165362,30,10.469839096069336,2024-6-6--18:16:14
3165363,84,37.065788984298706,2024-6-6--18:16:51
3165364,106,50.293410539627075,2024-6-6--18:17:42
3165365,39,17.786032915115356,2024-6-6--18:17:59
3165366,95,45.530192613601685,2024-6-6--18:18:45
3165367,69,38.05792474746704,2024-6-6--18:19:23
3165368,18,17.512315034866333,2024-6-6--18:19:40
3165369,11,5.371849536895752,2024-6-6--18:19:46
3165370,67,46.323349952697754,2024-6-6--18:20:32
3165371,69,64.3123893737793,2024-6-6--18:21:36
3165372,82,37.28754258155823,2024-6-6--18:22:14
3165373,6,2.2501590251922607,2024-6-6--18:22:16
3165374,54,37.042160511016846,2024-6-6--18:22:53
3165375,9,4.149388074874878,2024-6-6--18:22:57
3165376,6,2.235399007797241,2024-6-6--18:22:59
3165377,94,49.46338653564453,2024-6-6--18:23:49
3165378,65,54.410393714904785,2024-6-6--18:24:43
3165379,6,48.91615319252014,2024-6-6--18:25:32
3165380,91,42.640448570251465,2024-6-6--18:26:15
3165381,50,27.255714416503906,2024-6-6--18:26:42
3165382,22,25.553005695343018,2024-6-6--18:27:8
3165383,85,64.63620066642761,2024-6-6--18:28:12
3165384,67,32.68022537231445,2024-6-6--18:28:45
3165385,113,52.5146906375885,2024-6-6--18:29:37
3165386,7,3.229459285736084,2024-6-6--18:29:41
3165387,0,0.002758026123046875,2024-6-6--18:29:41
3165388,102,59.09239435195923,2024-6-6--18:30:40
3165389,2,0.6247847080230713,2024-6-6--18:30:40
3165390,30,35.63202166557312,2024-6-6--18:31:16
3165391,75,49.76445555686951,2024-6-6--18:32:6
3165392,0,0.0036056041717529297,2024-6-6--18:32:6
3165393,17,11.217745780944824,2024-6-6--18:32:17
3165394,59,27.62193274497986,2024-6-6--18:32:45
3165395,49,22.75139355659485,2024-6-6--18:33:7
3165396,149,69.71507740020752,2024-6-6--18:34:17
3165397,54,63.56186890602112,2024-6-6--18:35:21
3165398,2,42.55774641036987,2024-6-6--18:36:3
3165399,109,52.50006031990051,2024-6-6--18:36:56
3165400,33,11.839963912963867,2024-6-6--18:37:8
3165401,113,55.930803537368774,2024-6-6--18:38:4
3165402,56,29.889383792877197,2024-6-6--18:38:33
3165403,0,0.002782583236694336,2024-6-6--18:38:33
3165404,38,22.973825216293335,2024-6-6--18:38:56
3165405,57,26.790924787521362,2024-6-6--18:39:23
3165406,19,8.081563234329224,2024-6-6--18:39:31
3165407,51,26.328394889831543,2024-6-6--18:39:58
3165408,118,63.68696331977844,2024-6-6--18:41:1
3165409,86,41.52283000946045,2024-6-6--18:41:43
3165410,129,63.627479553222656,2024-6-6--18:42:46
3165411,56,68.45080637931824,2024-6-6--18:43:55
3165412,118,52.20817255973816,2024-6-6--18:44:47
3165413,19,6.679936408996582,2024-6-6--18:44:54
3165414,67,29.85249090194702,2024-6-6--18:45:24
3165415,62,29.019694089889526,2024-6-6--18:45:53
3165416,94,54.37331175804138,2024-6-6--18:46:47
3165417,59,24.61691164970398,2024-6-6--18:47:12
3165418,18,7.687847852706909,2024-6-6--18:47:19
3165419,66,58.10294151306152,2024-6-6--18:48:17
3165420,119,60.59702467918396,2024-6-6--18:49:18
3165421,15,65.81444597244263,2024-6-6--18:50:24
3165422,4,86.60682439804077,2024-6-6--18:51:50
3165423,108,56.19126343727112,2024-6-6--18:52:47
3165424,84,73.2115695476532,2024-6-6--18:54:0
3165425,15,84.7095205783844,2024-6-6--18:55:25
3165426,39,75.36213803291321,2024-6-6--18:56:40
3165427,42,22.463263511657715,2024-6-6--18:57:2
3165428,24,10.636266231536865,2024-6-6--18:57:13
3165429,57,25.88275408744812,2024-6-6--18:57:39
3165430,22,9.29855751991272,2024-6-6--18:57:48
3165431,8,3.394507884979248,2024-6-6--18:57:52
3165432,30,17.213367700576782,2024-6-6--18:58:9
3165433,2,0.5863857269287109,2024-6-6--18:58:9
3165434,0,0.0028247833251953125,2024-6-6--18:58:9
3165435,15,6.72963285446167,2024-6-6--18:58:16
3165436,103,56.63749718666077,2024-6-6--18:59:13
3165437,118,61.5349063873291,2024-6-6--19:0:14
3165438,120,56.49397420883179,2024-6-6--19:1:11
3165439,46,51.69693207740784,2024-6-6--19:2:2
3165440,84,40.1874303817749,2024-6-6--19:2:43
3165441,29,13.999597549438477,2024-6-6--19:2:57
3165442,14,6.864910840988159,2024-6-6--19:3:4
3165443,23,14.171243906021118,2024-6-6--19:3:18
3165444,34,13.975346326828003,2024-6-6--19:3:32
3165445,12,4.4404144287109375,2024-6-6--19:3:36
3165446,60,25.78083610534668,2024-6-6--19:4:2
3165447,21,10.25105619430542,2024-6-6--19:4:12
3165448,30,11.608865976333618,2024-6-6--19:4:24
3165449,6,2.1770107746124268,2024-6-6--19:4:26
3165450,16,8.283088445663452,2024-6-6--19:4:34
3165451,8,3.1338233947753906,2024-6-6--19:4:37
3165452,50,24.696925163269043,2024-6-6--19:5:2
3165453,5,2.4198670387268066,2024-6-6--19:5:4
3165454,0,0.0030221939086914062,2024-6-6--19:5:4
3165455,7,8.165814638137817,2024-6-6--19:5:13
3165456,71,33.23481488227844,2024-6-6--19:5:46
3165457,29,14.558746576309204,2024-6-6--19:6:0
3165458,49,22.957926750183105,2024-6-6--19:6:23
3165459,135,63.901451110839844,2024-6-6--19:7:27
3165460,112,63.18004083633423,2024-6-6--19:8:30
3165461,11,5.308308124542236,2024-6-6--19:8:36
3165462,110,56.1958281993866,2024-6-6--19:9:32
3165463,88,41.21073079109192,2024-6-6--19:10:13
3165464,3,0.8598036766052246,2024-6-6--19:10:14
3165465,29,14.072418451309204,2024-6-6--19:10:28
3165466,7,2.3902251720428467,2024-6-6--19:10:31
3165467,37,17.391210556030273,2024-6-6--19:10:48
3165468,55,31.053342819213867,2024-6-6--19:11:19
3165469,16,6.675359487533569,2024-6-6--19:11:26
3165470,11,11.619042158126831,2024-6-6--19:11:37
3165471,4,1.4648857116699219,2024-6-6--19:11:39
3165472,84,53.362952709198,2024-6-6--19:12:32
3165473,36,71.83757185935974,2024-6-6--19:13:44
3165474,90,41.75214767456055,2024-6-6--19:14:26
3165475,53,25.326293230056763,2024-6-6--19:14:51
3165476,18,6.638654470443726,2024-6-6--19:14:58
3165477,73,41.18275594711304,2024-6-6--19:15:39
3165478,39,15.50900411605835,2024-6-6--19:15:54
3165479,122,57.7815477848053,2024-6-6--19:16:52
3165480,0,0.00272369384765625,2024-6-6--19:16:52
3165481,0,0.0020749568939208984,2024-6-6--19:16:52
3165482,108,52.06363582611084,2024-6-6--19:17:44
3165483,0,0.0029675960540771484,2024-6-6--19:17:44
3165484,16,6.510769367218018,2024-6-6--19:17:51
3000001,37,23.39843988418579,2024-6-7--8:44:47
3000002,7,2.3424458503723145,2024-6-7--8:44:49
3000003,0,0.004999876022338867,2024-6-7--8:44:49
3000001,37,9.492564678192139,2024-6-7--21:15:4
3000002,7,1.1004996299743652,2024-6-7--21:15:5
3000003,0,0.004012346267700195,2024-6-7--21:15:5
3000004,70,17.30848741531372,2024-6-7--21:15:22
3000005,111,30.473514556884766,2024-6-7--21:15:53
3000006,0,0.005320072174072266,2024-6-7--21:15:53
3000007,2,0.3480558395385742,2024-6-7--21:15:53
3000008,53,14.859631061553955,2024-6-7--21:16:8
3000009,24,6.705433130264282,2024-6-7--21:16:15
3000010,38,8.819492816925049,2024-6-7--21:16:24
3000011,20,5.806665897369385,2024-6-7--21:16:29
3000012,112,30.96619486808777,2024-6-7--21:17:0
3000013,5,0.8554179668426514,2024-6-7--21:17:1
3000014,22,9.697930335998535,2024-6-7--21:17:11
3000015,25,5.176735877990723,2024-6-7--21:17:16
3000016,85,22.72695803642273,2024-6-7--21:17:39
3000017,4,0.6175806522369385,2024-6-7--21:17:40
3000018,71,15.429105758666992,2024-6-7--21:17:55
3000019,2,1.5547218322753906,2024-6-7--21:17:57
3000020,3,0.4873645305633545,2024-6-7--21:17:57
3000021,14,2.4137446880340576,2024-6-7--21:17:59
3000022,58,12.406755924224854,2024-6-7--21:18:12
3000023,2,0.28957056999206543,2024-6-7--21:18:12
3000024,16,3.434760093688965,2024-6-7--21:18:16
3000025,8,1.4150559902191162,2024-6-7--21:18:17
3000026,50,11.954660177230835,2024-6-7--21:18:29
3000001,37,10.139825344085693,2024-6-8--4:59:32
3000002,7,1.0863616466522217,2024-6-8--4:59:33
3000003,0,0.003468751907348633,2024-6-8--4:59:33
3000001,37,9.793121576309204,2024-6-8--19:58:18
3000002,7,1.1240301132202148,2024-6-8--19:58:19
3000003,0,0.004119157791137695,2024-6-8--19:58:19
3000001,37,13.15042781829834,2024-6-8--22:33:37
3000002,7,1.1302282810211182,2024-6-8--22:33:38
3000003,0,0.012923002243041992,2024-6-8--22:33:38
1356409,0,0.005671024322509766,2024-6-8--23:3:35
1356409,0,0.003916025161743164,2024-6-8--23:11:13
1356451,1,3.2140791416168213,2024-6-8--23:11:51
1356452,8,2.2471745014190674,2024-6-8--23:11:53
1356453,3,4.957176446914673,2024-6-8--23:11:58
1356454,4,4.774997234344482,2024-6-8--23:12:3
1356455,0,0.003968477249145508,2024-6-8--23:12:3
1356456,14,4.181119680404663,2024-6-8--23:12:7
5,0,0.007215738296508789,2024-6-9--5:34:15
6,0,0.0042264461517333984,2024-6-9--5:34:15
7,0,0.004645347595214844,2024-6-9--5:34:15
8,0,0.0033981800079345703,2024-6-9--5:34:15
9,0,0.00390625,2024-6-9--5:34:15
10,0,0.0040624141693115234,2024-6-9--5:34:15
11,0,0.004563093185424805,2024-6-9--5:34:15
12,0,0.0035600662231445312,2024-6-9--5:34:15
13,0,0.003819704055786133,2024-6-9--5:34:15
14,0,0.0041005611419677734,2024-6-9--5:34:15
15,0,0.003926515579223633,2024-6-9--5:34:15
16,0,0.003608226776123047,2024-6-9--5:34:15
17,0,0.004204750061035156,2024-6-9--5:34:15
18,0,0.0037860870361328125,2024-6-9--5:34:15
19,0,0.0036063194274902344,2024-6-9--5:34:15
20,0,0.0038099288940429688,2024-6-9--5:34:15
21,0,0.0036547183990478516,2024-6-9--5:34:15
22,0,0.003419160842895508,2024-6-9--5:34:15
23,0,0.003789186477661133,2024-6-9--5:34:15
24,0,0.004018306732177734,2024-6-9--5:34:15
25,0,0.003777027130126953,2024-6-9--5:34:15
26,0,0.004023551940917969,2024-6-9--5:34:15
27,0,0.003958225250244141,2024-6-9--5:34:15
28,0,0.00376129150390625,2024-6-9--5:34:15
29,0,0.004098653793334961,2024-6-9--5:34:15
30,0,0.0036025047302246094,2024-6-9--5:34:15
31,0,0.004153251647949219,2024-6-9--5:34:15
32,0,0.004822254180908203,2024-6-9--5:34:15
33,0,0.00416874885559082,2024-6-9--5:34:15
34,0,0.0045320987701416016,2024-6-9--5:34:15
35,0,0.004217863082885742,2024-6-9--5:34:15
36,0,0.004332065582275391,2024-6-9--5:34:15
37,0,0.004183530807495117,2024-6-9--5:34:15
38,0,0.0049550533294677734,2024-6-9--5:34:15
39,0,0.0049135684967041016,2024-6-9--5:34:15
40,0,0.004189968109130859,2024-6-9--5:34:15
41,0,0.0041179656982421875,2024-6-9--5:34:15
42,0,0.0039038658142089844,2024-6-9--5:34:15
43,0,0.005811214447021484,2024-6-9--5:34:15
44,0,0.005180835723876953,2024-6-9--5:34:15
45,0,0.004225492477416992,2024-6-9--5:34:15
46,0,0.004831790924072266,2024-6-9--5:34:15
47,0,0.00411677360534668,2024-6-9--5:34:15
48,0,0.0039632320404052734,2024-6-9--5:34:15
49,0,0.0038270950317382812,2024-6-9--5:34:15
50,0,0.004460811614990234,2024-6-9--5:34:15
51,0,0.004589080810546875,2024-6-9--5:34:15
52,0,0.0038340091705322266,2024-6-9--5:34:15
53,0,0.004189252853393555,2024-6-9--5:34:15
54,0,0.00403285026550293,2024-6-9--5:34:15
55,0,0.004416465759277344,2024-6-9--5:34:15
56,0,0.004311323165893555,2024-6-9--5:34:15
57,0,0.005064487457275391,2024-6-9--5:34:15
58,0,0.003954410552978516,2024-6-9--5:34:15
59,0,0.0036554336547851562,2024-6-9--5:34:15
60,0,0.003966569900512695,2024-6-9--5:34:15
61,0,0.003984928131103516,2024-6-9--5:34:15
62,0,0.004325151443481445,2024-6-9--5:34:15
63,0,0.00427699089050293,2024-6-9--5:34:15
64,0,0.00463104248046875,2024-6-9--5:34:15
65,0,0.004797935485839844,2024-6-9--5:34:15
66,0,0.0037992000579833984,2024-6-9--5:34:15
67,0,0.003559589385986328,2024-6-9--5:34:15
68,0,0.003945350646972656,2024-6-9--5:34:15
69,0,0.004145622253417969,2024-6-9--5:34:15
70,0,0.0043141841888427734,2024-6-9--5:34:15
71,0,0.004605770111083984,2024-6-9--5:34:15
72,0,0.004559516906738281,2024-6-9--5:34:15
73,0,0.004103422164916992,2024-6-9--5:34:15
74,0,0.004457235336303711,2024-6-9--5:34:15
75,0,0.004238605499267578,2024-6-9--5:34:15
76,0,0.004318952560424805,2024-6-9--5:34:15
77,0,0.004471540451049805,2024-6-9--5:34:15
78,0,0.003879547119140625,2024-6-9--5:34:15
79,0,0.00392913818359375,2024-6-9--5:34:15
80,0,0.00397181510925293,2024-6-9--5:34:15
81,0,0.004646778106689453,2024-6-9--5:34:15
82,0,0.0042612552642822266,2024-6-9--5:34:15
83,0,0.004162788391113281,2024-6-9--5:34:15
84,0,0.004651069641113281,2024-6-9--5:34:15
85,0,0.0039446353912353516,2024-6-9--5:34:15
86,0,0.005132913589477539,2024-6-9--5:34:15
87,0,0.004096508026123047,2024-6-9--5:34:15
88,0,0.004116535186767578,2024-6-9--5:34:15
89,0,0.004080533981323242,2024-6-9--5:34:15
90,0,0.004933595657348633,2024-6-9--5:34:15
91,0,0.0038537979125976562,2024-6-9--5:34:15
92,0,0.0038111209869384766,2024-6-9--5:34:15
93,0,0.00489354133605957,2024-6-9--5:34:15
94,0,0.004423379898071289,2024-6-9--5:34:15
95,0,0.00397181510925293,2024-6-9--5:34:15
96,0,0.003742694854736328,2024-6-9--5:34:15
97,0,0.0045320987701416016,2024-6-9--5:34:15
98,0,0.0043735504150390625,2024-6-9--5:34:15
99,0,0.0036482810974121094,2024-6-9--5:34:15
100,0,0.0044422149658203125,2024-6-9--5:34:15
101,0,0.00452423095703125,2024-6-9--5:34:15
102,0,0.003953695297241211,2024-6-9--5:34:15
103,0,0.00426936149597168,2024-6-9--5:34:15
104,0,0.004471302032470703,2024-6-9--5:34:15
105,0,0.0041315555572509766,2024-6-9--5:34:15
106,0,0.004100799560546875,2024-6-9--5:34:15
107,0,0.004188060760498047,2024-6-9--5:34:15
108,0,0.004738569259643555,2024-6-9--5:34:15
109,0,0.003634929656982422,2024-6-9--5:34:15
110,0,0.004063129425048828,2024-6-9--5:34:15
111,1,0.08550524711608887,2024-6-9--5:34:15
112,0,0.005377769470214844,2024-6-9--5:34:15
113,0,0.0042896270751953125,2024-6-9--5:34:15
114,0,0.004558086395263672,2024-6-9--5:34:15
115,0,0.004063606262207031,2024-6-9--5:34:15
116,0,0.004190206527709961,2024-6-9--5:34:15
117,0,0.004670143127441406,2024-6-9--5:34:15
118,0,0.00457000732421875,2024-6-9--5:34:15
119,0,0.004324197769165039,2024-6-9--5:34:15
120,0,0.00403141975402832,2024-6-9--5:34:15
121,0,0.0036058425903320312,2024-6-9--5:34:15
122,0,0.004132986068725586,2024-6-9--5:34:15
123,0,0.004201173782348633,2024-6-9--5:34:15
124,0,0.004361867904663086,2024-6-9--5:34:15
125,0,0.004789113998413086,2024-6-9--5:34:15
126,0,0.004881381988525391,2024-6-9--5:34:15
127,0,0.004708528518676758,2024-6-9--5:34:15
128,0,0.004207611083984375,2024-6-9--5:34:15
129,0,0.0036742687225341797,2024-6-9--5:34:15
130,0,0.004155158996582031,2024-6-9--5:34:15
131,0,0.004277229309082031,2024-6-9--5:34:15
132,0,0.0040493011474609375,2024-6-9--5:34:15
133,0,0.0042266845703125,2024-6-9--5:34:15
134,0,0.004216670989990234,2024-6-9--5:34:15
135,0,0.004477977752685547,2024-6-9--5:34:15
136,0,0.0035724639892578125,2024-6-9--5:34:15
137,0,0.004801750183105469,2024-6-9--5:34:15
138,0,0.003783702850341797,2024-6-9--5:34:16
139,0,0.003802061080932617,2024-6-9--5:34:16
140,0,0.0041768550872802734,2024-6-9--5:34:16
141,0,0.004098415374755859,2024-6-9--5:34:16
142,0,0.0038721561431884766,2024-6-9--5:34:16
143,0,0.005444765090942383,2024-6-9--5:34:16
144,0,0.004090785980224609,2024-6-9--5:34:16
145,0,0.004286289215087891,2024-6-9--5:34:16
146,0,0.00413823127746582,2024-6-9--5:34:16
147,0,0.0039653778076171875,2024-6-9--5:34:16
148,0,0.0037925243377685547,2024-6-9--5:34:16
149,0,0.0038366317749023438,2024-6-9--5:34:16
150,0,0.004250764846801758,2024-6-9--5:34:16
151,0,0.0043942928314208984,2024-6-9--5:34:16
152,0,0.0042073726654052734,2024-6-9--5:34:16
153,0,0.004136323928833008,2024-6-9--5:34:16
154,0,0.004101276397705078,2024-6-9--5:34:16
155,0,0.0043659210205078125,2024-6-9--5:34:16
156,0,0.0039522647857666016,2024-6-9--5:34:16
157,0,0.004675626754760742,2024-6-9--5:34:16
158,0,0.004348039627075195,2024-6-9--5:34:16
159,0,0.004505634307861328,2024-6-9--5:34:16
160,0,0.004561662673950195,2024-6-9--5:34:16
161,0,0.004542350769042969,2024-6-9--5:34:16
162,0,0.00447845458984375,2024-6-9--5:34:16
163,0,0.005406379699707031,2024-6-9--5:34:16
164,0,0.004111051559448242,2024-6-9--5:34:16
165,0,0.0039598941802978516,2024-6-9--5:34:16
166,0,0.004224300384521484,2024-6-9--5:34:16
167,0,0.0038814544677734375,2024-6-9--5:34:16
168,0,0.004084110260009766,2024-6-9--5:34:16
169,0,0.004456520080566406,2024-6-9--5:34:16
170,0,0.0049550533294677734,2024-6-9--5:34:16
171,0,0.004357337951660156,2024-6-9--5:34:16
172,0,0.004594564437866211,2024-6-9--5:34:16
173,0,0.004783153533935547,2024-6-9--5:34:16
174,0,0.004355669021606445,2024-6-9--5:34:16
175,0,0.004472970962524414,2024-6-9--5:34:16
176,0,0.004639387130737305,2024-6-9--5:34:16
177,0,0.004308223724365234,2024-6-9--5:34:16
178,0,0.004657745361328125,2024-6-9--5:34:16
179,0,0.004339694976806641,2024-6-9--5:34:16
180,0,0.0039179325103759766,2024-6-9--5:34:16
181,0,0.004020214080810547,2024-6-9--5:34:16
182,0,0.004076719284057617,2024-6-9--5:34:16
183,0,0.004611015319824219,2024-6-9--5:34:16
184,0,0.0036377906799316406,2024-6-9--5:34:16
185,0,0.004009723663330078,2024-6-9--5:34:16
186,0,0.003976345062255859,2024-6-9--5:34:16
187,0,0.004140377044677734,2024-6-9--5:34:16
188,0,0.004416704177856445,2024-6-9--5:34:16
189,0,0.003678560256958008,2024-6-9--5:34:16
190,0,0.005223989486694336,2024-6-9--5:34:16
191,0,0.004263162612915039,2024-6-9--5:34:16
192,0,0.004267692565917969,2024-6-9--5:34:16
193,0,0.004101276397705078,2024-6-9--5:34:16
194,0,0.0034716129302978516,2024-6-9--5:34:16
195,0,0.004284858703613281,2024-6-9--5:34:16
196,0,0.004607200622558594,2024-6-9--5:34:16
197,0,0.004281044006347656,2024-6-9--5:34:16
198,0,0.004456281661987305,2024-6-9--5:34:16
199,0,0.004016399383544922,2024-6-9--5:34:16
200,0,0.0045166015625,2024-6-9--5:34:16
201,0,0.004021406173706055,2024-6-9--5:34:16
202,0,0.003588438034057617,2024-6-9--5:34:16
203,0,0.004908561706542969,2024-6-9--5:34:16
204,0,0.0037529468536376953,2024-6-9--5:34:16
205,0,0.0038559436798095703,2024-6-9--5:34:16
206,0,0.004166603088378906,2024-6-9--5:34:16
207,0,0.003729104995727539,2024-6-9--5:34:16
208,0,0.003830432891845703,2024-6-9--5:34:16
209,0,0.0036041736602783203,2024-6-9--5:34:16
210,0,0.004507541656494141,2024-6-9--5:34:16
211,0,0.004627227783203125,2024-6-9--5:34:16
212,0,0.004424571990966797,2024-6-9--5:34:16
213,0,0.0045125484466552734,2024-6-9--5:34:16
214,0,0.003700733184814453,2024-6-9--5:34:16
215,0,0.004098176956176758,2024-6-9--5:34:16
216,0,0.004149198532104492,2024-6-9--5:34:16
217,0,0.0053670406341552734,2024-6-9--5:34:16
218,0,0.004364490509033203,2024-6-9--5:34:16
219,0,0.00429844856262207,2024-6-9--5:34:16
220,0,0.0038738250732421875,2024-6-9--5:34:16
221,0,0.004044055938720703,2024-6-9--5:34:16
222,0,0.0035600662231445312,2024-6-9--5:34:16
223,0,0.004385471343994141,2024-6-9--5:34:16
224,0,0.00452423095703125,2024-6-9--5:34:16
225,0,0.004494905471801758,2024-6-9--5:34:16
226,0,0.00403594970703125,2024-6-9--5:34:16
227,0,0.003970623016357422,2024-6-9--5:34:16
228,0,0.0038411617279052734,2024-6-9--5:34:16
229,0,0.0042572021484375,2024-6-9--5:34:16
230,0,0.004590749740600586,2024-6-9--5:34:16
231,0,0.004034996032714844,2024-6-9--5:34:16
232,0,0.0037317276000976562,2024-6-9--5:34:16
233,0,0.004335165023803711,2024-6-9--5:34:16
234,0,0.0037941932678222656,2024-6-9--5:34:16
235,0,0.003787517547607422,2024-6-9--5:34:16
236,0,0.004451751708984375,2024-6-9--5:34:16
237,0,0.004773855209350586,2024-6-9--5:34:16
238,0,0.0037310123443603516,2024-6-9--5:34:16
239,0,0.0045201778411865234,2024-6-9--5:34:16
240,0,0.0045201778411865234,2024-6-9--5:34:16
241,0,0.004475593566894531,2024-6-9--5:34:16
242,0,0.00404047966003418,2024-6-9--5:34:16
243,0,0.005048274993896484,2024-6-9--5:34:16
244,0,0.0040988922119140625,2024-6-9--5:34:16
245,0,0.004126310348510742,2024-6-9--5:34:16
246,0,0.004478931427001953,2024-6-9--5:34:16
247,0,0.0039920806884765625,2024-6-9--5:34:16
248,0,0.003953695297241211,2024-6-9--5:34:16
249,0,0.003600597381591797,2024-6-9--5:34:16
250,0,0.004555940628051758,2024-6-9--5:34:16
251,0,0.004137754440307617,2024-6-9--5:34:16
252,0,0.0038917064666748047,2024-6-9--5:34:16
253,0,0.004061698913574219,2024-6-9--5:34:16
254,0,0.0037446022033691406,2024-6-9--5:34:16
255,0,0.003934144973754883,2024-6-9--5:34:16
256,0,0.0035910606384277344,2024-6-9--5:34:16
257,0,0.004736661911010742,2024-6-9--5:34:16
258,0,0.0039615631103515625,2024-6-9--5:34:16
259,0,0.003663301467895508,2024-6-9--5:34:16
260,0,0.0040972232818603516,2024-6-9--5:34:16
261,0,0.004322052001953125,2024-6-9--5:34:16
262,0,0.0040247440338134766,2024-6-9--5:34:16
263,0,0.003793001174926758,2024-6-9--5:34:16
264,0,0.004385232925415039,2024-6-9--5:34:16
265,0,0.003985881805419922,2024-6-9--5:34:16
266,0,0.004386186599731445,2024-6-9--5:34:16
267,0,0.004409313201904297,2024-6-9--5:34:16
268,0,0.003912687301635742,2024-6-9--5:34:16
269,0,0.004208564758300781,2024-6-9--5:34:16
270,0,0.004532575607299805,2024-6-9--5:34:16
271,0,0.004365205764770508,2024-6-9--5:34:16
272,0,0.004273414611816406,2024-6-9--5:34:16
273,0,0.004151344299316406,2024-6-9--5:34:16
274,0,0.0038404464721679688,2024-6-9--5:34:16
275,0,0.003963947296142578,2024-6-9--5:34:16
276,0,0.004110813140869141,2024-6-9--5:34:16
277,0,0.0037369728088378906,2024-6-9--5:34:16
278,0,0.004859447479248047,2024-6-9--5:34:16
279,0,0.00397038459777832,2024-6-9--5:34:16
280,0,0.004048585891723633,2024-6-9--5:34:16
281,0,0.004467487335205078,2024-6-9--5:34:16
282,0,0.004268646240234375,2024-6-9--5:34:16
283,0,0.003999471664428711,2024-6-9--5:34:16
284,0,0.004252910614013672,2024-6-9--5:34:16
285,0,0.003964424133300781,2024-6-9--5:34:16
286,0,0.0043871402740478516,2024-6-9--5:34:16
287,0,0.004499673843383789,2024-6-9--5:34:16
288,0,0.0038988590240478516,2024-6-9--5:34:16
289,0,0.0048334598541259766,2024-6-9--5:34:16
290,0,0.0039980411529541016,2024-6-9--5:34:16
291,0,0.0043675899505615234,2024-6-9--5:34:16
292,0,0.004486560821533203,2024-6-9--5:34:16
293,0,0.004182100296020508,2024-6-9--5:34:16
294,0,0.004149675369262695,2024-6-9--5:34:16
295,0,0.004001140594482422,2024-6-9--5:34:16
296,0,0.004882335662841797,2024-6-9--5:34:16
297,0,0.0043566226959228516,2024-6-9--5:34:16
298,0,0.003846883773803711,2024-6-9--5:34:16
299,0,0.003849029541015625,2024-6-9--5:34:16
300,0,0.0036449432373046875,2024-6-9--5:34:16
301,0,0.00408482551574707,2024-6-9--5:34:16
302,0,0.0036382675170898438,2024-6-9--5:34:16
303,0,0.003977537155151367,2024-6-9--5:34:16
304,0,0.004147768020629883,2024-6-9--5:34:16
305,0,0.004099845886230469,2024-6-9--5:34:16
306,0,0.0036611557006835938,2024-6-9--5:34:16
307,0,0.00388336181640625,2024-6-9--5:34:16
308,0,0.004321098327636719,2024-6-9--5:34:16
309,0,0.0038776397705078125,2024-6-9--5:34:16
310,0,0.003909111022949219,2024-6-9--5:34:16
311,0,0.0037412643432617188,2024-6-9--5:34:16
312,0,0.004305124282836914,2024-6-9--5:34:16
313,0,0.004548549652099609,2024-6-9--5:34:16
314,0,0.004235029220581055,2024-6-9--5:34:16
315,0,0.004384279251098633,2024-6-9--5:34:16
316,0,0.004106044769287109,2024-6-9--5:34:16
317,0,0.003628969192504883,2024-6-9--5:34:16
318,0,0.004565715789794922,2024-6-9--5:34:16
319,0,0.0045092105865478516,2024-6-9--5:34:16
320,0,0.004104137420654297,2024-6-9--5:34:16
321,0,0.004088878631591797,2024-6-9--5:34:16
322,0,0.004878997802734375,2024-6-9--5:34:16
323,0,0.003837108612060547,2024-6-9--5:34:16
324,0,0.004693031311035156,2024-6-9--5:34:16
325,0,0.004319429397583008,2024-6-9--5:34:16
326,0,0.0050563812255859375,2024-6-9--5:34:16
327,0,0.00435328483581543,2024-6-9--5:34:16
328,0,0.004132270812988281,2024-6-9--5:34:16
329,0,0.004227638244628906,2024-6-9--5:34:16
330,0,0.004472494125366211,2024-6-9--5:34:16
331,0,0.0038590431213378906,2024-6-9--5:34:16
332,0,0.00453948974609375,2024-6-9--5:34:16
333,0,0.004205226898193359,2024-6-9--5:34:16
334,0,0.004296541213989258,2024-6-9--5:34:16
335,0,0.004820823669433594,2024-6-9--5:34:16
336,0,0.0038290023803710938,2024-6-9--5:34:16
337,0,0.0049703121185302734,2024-6-9--5:34:16
338,0,0.004287242889404297,2024-6-9--5:34:16
339,0,0.0039594173431396484,2024-6-9--5:34:16
340,0,0.0042972564697265625,2024-6-9--5:34:16
341,0,0.004343509674072266,2024-6-9--5:34:16
342,0,0.00397181510925293,2024-6-9--5:34:16
343,0,0.004533529281616211,2024-6-9--5:34:16
344,0,0.004328489303588867,2024-6-9--5:34:16
345,0,0.004051923751831055,2024-6-9--5:34:16
346,1,0.24188637733459473,2024-6-9--5:34:17
347,0,0.004790782928466797,2024-6-9--5:34:17
348,0,0.0037958621978759766,2024-6-9--5:34:17
349,0,0.003874063491821289,2024-6-9--5:34:17
350,0,0.0039865970611572266,2024-6-9--5:34:17
351,0,0.0036804676055908203,2024-6-9--5:34:17
352,0,0.0038373470306396484,2024-6-9--5:34:17
353,0,0.0039217472076416016,2024-6-9--5:34:17
354,0,0.004450321197509766,2024-6-9--5:34:17
355,0,0.003525257110595703,2024-6-9--5:34:17
356,0,0.0031671524047851562,2024-6-9--5:34:17
357,0,0.00435948371887207,2024-6-9--5:34:17
358,0,0.0037314891815185547,2024-6-9--5:34:17
359,0,0.003326892852783203,2024-6-9--5:34:17
360,0,0.004798412322998047,2024-6-9--5:34:17
361,0,0.003907203674316406,2024-6-9--5:34:17
362,0,0.003833770751953125,2024-6-9--5:34:17
363,0,0.004103660583496094,2024-6-9--5:34:17
364,0,0.0035200119018554688,2024-6-9--5:34:17
365,0,0.003997325897216797,2024-6-9--5:34:17
366,0,0.00449824333190918,2024-6-9--5:34:17
367,0,0.004423379898071289,2024-6-9--5:34:17
368,0,0.0036008358001708984,2024-6-9--5:34:17
369,0,0.003299236297607422,2024-6-9--5:34:17
370,0,0.0037844181060791016,2024-6-9--5:34:17
371,0,0.003450632095336914,2024-6-9--5:34:17
372,0,0.003786802291870117,2024-6-9--5:34:17
373,0,0.003784656524658203,2024-6-9--5:34:17
374,0,0.003942728042602539,2024-6-9--5:34:17
375,0,0.004218101501464844,2024-6-9--5:34:17
376,0,0.003816366195678711,2024-6-9--5:34:17
377,0,0.00394892692565918,2024-6-9--5:34:17
378,0,0.003443002700805664,2024-6-9--5:34:17
379,0,0.0038602352142333984,2024-6-9--5:34:17
380,0,0.003426790237426758,2024-6-9--5:34:17
381,0,0.003340482711791992,2024-6-9--5:34:17
382,0,0.00395655632019043,2024-6-9--5:34:17
383,0,0.0035657882690429688,2024-6-9--5:34:17
384,0,0.00333404541015625,2024-6-9--5:34:17
385,0,0.0033807754516601562,2024-6-9--5:34:17
386,0,0.0043451786041259766,2024-6-9--5:34:17
387,0,0.0036661624908447266,2024-6-9--5:34:17
388,0,0.003377676010131836,2024-6-9--5:34:17
389,0,0.0038595199584960938,2024-6-9--5:34:17
390,0,0.004032611846923828,2024-6-9--5:34:17
391,0,0.0035543441772460938,2024-6-9--5:34:17
392,0,0.0036318302154541016,2024-6-9--5:34:17
393,0,0.003547191619873047,2024-6-9--5:34:17
394,0,0.003852367401123047,2024-6-9--5:34:17
395,0,0.0035219192504882812,2024-6-9--5:34:17
396,0,0.0034868717193603516,2024-6-9--5:34:17
397,0,0.0041751861572265625,2024-6-9--5:34:17
398,0,0.00465703010559082,2024-6-9--5:34:17
399,0,0.003303050994873047,2024-6-9--5:34:17
400,0,0.0031805038452148438,2024-6-9--5:34:17
401,0,0.0033736228942871094,2024-6-9--5:34:17
402,0,0.0033545494079589844,2024-6-9--5:34:17
403,0,0.0034079551696777344,2024-6-9--5:34:17
404,0,0.004605531692504883,2024-6-9--5:34:17
405,0,0.0032775402069091797,2024-6-9--5:34:17
406,0,0.003627300262451172,2024-6-9--5:34:17
407,0,0.004801273345947266,2024-6-9--5:34:17
408,0,0.0036818981170654297,2024-6-9--5:34:17
409,0,0.003291606903076172,2024-6-9--5:34:17
410,0,0.003991603851318359,2024-6-9--5:34:17
411,0,0.0036535263061523438,2024-6-9--5:34:17
412,0,0.003206968307495117,2024-6-9--5:34:17
413,0,0.004070281982421875,2024-6-9--5:34:17
414,0,0.0038063526153564453,2024-6-9--5:34:17
415,0,0.003931283950805664,2024-6-9--5:34:17
416,0,0.003974199295043945,2024-6-9--5:34:17
417,0,0.0032494068145751953,2024-6-9--5:34:17
418,0,0.0038704872131347656,2024-6-9--5:34:17
419,0,0.0035877227783203125,2024-6-9--5:34:17
420,0,0.004104137420654297,2024-6-9--5:34:17
421,0,0.004132509231567383,2024-6-9--5:34:17
422,0,0.004102230072021484,2024-6-9--5:34:17
423,0,0.0036513805389404297,2024-6-9--5:34:17
424,0,0.003665447235107422,2024-6-9--5:34:17
425,0,0.004045248031616211,2024-6-9--5:34:17
426,0,0.0036618709564208984,2024-6-9--5:34:17
427,0,0.0031838417053222656,2024-6-9--5:34:17
428,0,0.0037653446197509766,2024-6-9--5:34:17
429,0,0.004211902618408203,2024-6-9--5:34:17
430,0,0.0033483505249023438,2024-6-9--5:34:17
431,0,0.003935575485229492,2024-6-9--5:34:17
432,0,0.0036759376525878906,2024-6-9--5:34:17
433,0,0.003683805465698242,2024-6-9--5:34:17
434,0,0.004736185073852539,2024-6-9--5:34:17
435,0,0.0042498111724853516,2024-6-9--5:34:17
436,0,0.0036096572875976562,2024-6-9--5:34:17
437,0,0.004033088684082031,2024-6-9--5:34:17
438,0,0.0034554004669189453,2024-6-9--5:34:17
439,0,0.003163576126098633,2024-6-9--5:34:17
440,0,0.0037627220153808594,2024-6-9--5:34:17
441,0,0.003386974334716797,2024-6-9--5:34:17
442,0,0.0034224987030029297,2024-6-9--5:34:17
443,0,0.0035316944122314453,2024-6-9--5:34:17
444,0,0.003122568130493164,2024-6-9--5:34:17
445,0,0.003175973892211914,2024-6-9--5:34:17
446,0,0.003133058547973633,2024-6-9--5:34:17
447,0,0.0033960342407226562,2024-6-9--5:34:17
448,0,0.004101753234863281,2024-6-9--5:34:17
449,0,0.0039784908294677734,2024-6-9--5:34:17
450,0,0.003676891326904297,2024-6-9--5:34:17
451,0,0.0038373470306396484,2024-6-9--5:34:17
451,0,0.0054357051849365234,2024-6-9--5:34:25
452,0,0.0037920475006103516,2024-6-9--5:34:25
453,0,0.003779172897338867,2024-6-9--5:34:25
454,0,0.004688739776611328,2024-6-9--5:34:25
455,0,0.004096508026123047,2024-6-9--5:34:25
456,0,0.004213809967041016,2024-6-9--5:34:25
457,0,0.0045013427734375,2024-6-9--5:34:25
458,0,0.004763603210449219,2024-6-9--5:34:25
459,0,0.004385232925415039,2024-6-9--5:34:25
460,0,0.0040171146392822266,2024-6-9--5:34:25
461,0,0.004661083221435547,2024-6-9--5:34:25
462,0,0.0045948028564453125,2024-6-9--5:34:25
463,0,0.0042493343353271484,2024-6-9--5:34:25
464,0,0.004747629165649414,2024-6-9--5:34:25
465,0,0.004435062408447266,2024-6-9--5:34:25
466,0,0.003743410110473633,2024-6-9--5:34:25
467,0,0.004591464996337891,2024-6-9--5:34:25
468,0,0.004429340362548828,2024-6-9--5:34:25
469,0,0.003704547882080078,2024-6-9--5:34:25
470,0,0.005101680755615234,2024-6-9--5:34:25
471,0,0.004462242126464844,2024-6-9--5:34:25
472,0,0.00512242317199707,2024-6-9--5:34:25
473,0,0.004224300384521484,2024-6-9--5:34:25
474,0,0.004548788070678711,2024-6-9--5:34:25
475,0,0.0041124820709228516,2024-6-9--5:34:25
476,0,0.0038940906524658203,2024-6-9--5:34:25
477,0,0.00426936149597168,2024-6-9--5:34:25
478,0,0.004819393157958984,2024-6-9--5:34:25
479,0,0.0053446292877197266,2024-6-9--5:34:25
480,0,0.0036933422088623047,2024-6-9--5:34:25
481,0,0.005142927169799805,2024-6-9--5:34:25
482,0,0.004492521286010742,2024-6-9--5:34:25
483,0,0.0039370059967041016,2024-6-9--5:34:25
484,0,0.004168510437011719,2024-6-9--5:34:25
485,0,0.0034487247467041016,2024-6-9--5:34:25
486,0,0.004544496536254883,2024-6-9--5:34:25
487,0,0.0038323402404785156,2024-6-9--5:34:25
488,0,0.004228830337524414,2024-6-9--5:34:25
489,0,0.0047435760498046875,2024-6-9--5:34:25
490,0,0.0038254261016845703,2024-6-9--5:34:25
491,0,0.003996849060058594,2024-6-9--5:34:25
492,0,0.004397869110107422,2024-6-9--5:34:25
493,0,0.004128217697143555,2024-6-9--5:34:25
494,0,0.003896951675415039,2024-6-9--5:34:25
495,0,0.00391697883605957,2024-6-9--5:34:25
496,0,0.003938436508178711,2024-6-9--5:34:25
497,0,0.004334688186645508,2024-6-9--5:34:25
498,0,0.004016399383544922,2024-6-9--5:34:25
499,0,0.004128694534301758,2024-6-9--5:34:25
500,0,0.004761457443237305,2024-6-9--5:34:25
501,0,0.0042765140533447266,2024-6-9--5:34:25
502,0,0.003817319869995117,2024-6-9--5:34:25
503,0,0.00441741943359375,2024-6-9--5:34:25
504,0,0.004424095153808594,2024-6-9--5:34:25
505,0,0.005721092224121094,2024-6-9--5:34:25
506,0,0.0054895877838134766,2024-6-9--5:34:25
507,0,0.00495147705078125,2024-6-9--5:34:25
508,0,0.004149913787841797,2024-6-9--5:34:25
509,0,0.0052547454833984375,2024-6-9--5:34:25
510,0,0.004057407379150391,2024-6-9--5:34:25
511,0,0.003879070281982422,2024-6-9--5:34:25
512,0,0.004015684127807617,2024-6-9--5:34:25
513,0,0.0049479007720947266,2024-6-9--5:34:25
514,0,0.004608631134033203,2024-6-9--5:34:25
515,0,0.0044689178466796875,2024-6-9--5:34:25
516,0,0.004364013671875,2024-6-9--5:34:25
517,0,0.003975391387939453,2024-6-9--5:34:25
518,0,0.004536867141723633,2024-6-9--5:34:25
519,0,0.004704475402832031,2024-6-9--5:34:25
520,0,0.004029512405395508,2024-6-9--5:34:25
521,0,0.005011320114135742,2024-6-9--5:34:25
522,0,0.004868507385253906,2024-6-9--5:34:25
523,0,0.004193782806396484,2024-6-9--5:34:25
524,0,0.004606723785400391,2024-6-9--5:34:25
525,0,0.0043146610260009766,2024-6-9--5:34:25
526,0,0.004316091537475586,2024-6-9--5:34:25
527,0,0.003926753997802734,2024-6-9--5:34:25
528,0,0.004199981689453125,2024-6-9--5:34:25
529,0,0.004257678985595703,2024-6-9--5:34:25
530,0,0.005057096481323242,2024-6-9--5:34:25
531,0,0.0057451725006103516,2024-6-9--5:34:25
532,0,0.005082130432128906,2024-6-9--5:34:25
533,0,0.004668474197387695,2024-6-9--5:34:25
534,0,0.004392147064208984,2024-6-9--5:34:25
535,0,0.004563570022583008,2024-6-9--5:34:25
536,0,0.004549264907836914,2024-6-9--5:34:25
537,0,0.0041239261627197266,2024-6-9--5:34:25
538,0,0.004017829895019531,2024-6-9--5:34:25
539,0,0.004492521286010742,2024-6-9--5:34:25
540,0,0.006362438201904297,2024-6-9--5:34:25
541,0,0.005053043365478516,2024-6-9--5:34:25
542,0,0.004620075225830078,2024-6-9--5:34:25
543,0,0.0039174556732177734,2024-6-9--5:34:25
544,0,0.0040891170501708984,2024-6-9--5:34:25
545,0,0.004864215850830078,2024-6-9--5:34:25
546,0,0.004672050476074219,2024-6-9--5:34:25
547,0,0.006288290023803711,2024-6-9--5:34:25
548,0,0.004865407943725586,2024-6-9--5:34:25
549,0,0.005581378936767578,2024-6-9--5:34:25
550,0,0.004426479339599609,2024-6-9--5:34:25
551,0,0.0052852630615234375,2024-6-9--5:34:25
552,0,0.0046999454498291016,2024-6-9--5:34:25
553,0,0.004222393035888672,2024-6-9--5:34:25
554,0,0.0039103031158447266,2024-6-9--5:34:25
555,0,0.00482630729675293,2024-6-9--5:34:25
556,0,0.004701137542724609,2024-6-9--5:34:25
557,0,0.004316568374633789,2024-6-9--5:34:25
558,0,0.004615306854248047,2024-6-9--5:34:25
559,0,0.004843711853027344,2024-6-9--5:34:25
560,0,0.004024505615234375,2024-6-9--5:34:25
561,0,0.004352092742919922,2024-6-9--5:34:25
562,0,0.00456547737121582,2024-6-9--5:34:25
563,0,0.00476527214050293,2024-6-9--5:34:25
564,0,0.004273653030395508,2024-6-9--5:34:25
565,0,0.003511667251586914,2024-6-9--5:34:25
566,0,0.005188941955566406,2024-6-9--5:34:25
567,0,0.004065275192260742,2024-6-9--5:34:25
568,0,0.00446319580078125,2024-6-9--5:34:25
569,0,0.004204511642456055,2024-6-9--5:34:25
570,0,0.004984855651855469,2024-6-9--5:34:25
571,0,0.004457950592041016,2024-6-9--5:34:25
572,0,0.004658699035644531,2024-6-9--5:34:25
573,0,0.004607200622558594,2024-6-9--5:34:25
574,0,0.005084991455078125,2024-6-9--5:34:25
575,0,0.004621744155883789,2024-6-9--5:34:25
576,0,0.0045735836029052734,2024-6-9--5:34:25
577,0,0.0044095516204833984,2024-6-9--5:34:25
578,0,0.004692792892456055,2024-6-9--5:34:25
579,0,0.004600048065185547,2024-6-9--5:34:25
580,0,0.004472255706787109,2024-6-9--5:34:25
581,0,0.0048046112060546875,2024-6-9--5:34:25
582,0,0.00483393669128418,2024-6-9--5:34:25
583,0,0.004312992095947266,2024-6-9--5:34:25
584,0,0.004292488098144531,2024-6-9--5:34:25
585,0,0.004770994186401367,2024-6-9--5:34:25
586,0,0.0041408538818359375,2024-6-9--5:34:25
587,0,0.003981113433837891,2024-6-9--5:34:25
588,0,0.004320383071899414,2024-6-9--5:34:25
589,0,0.004716157913208008,2024-6-9--5:34:25
590,0,0.004771709442138672,2024-6-9--5:34:25
591,0,0.004685163497924805,2024-6-9--5:34:25
592,0,0.0046138763427734375,2024-6-9--5:34:25
593,0,0.004607439041137695,2024-6-9--5:34:25
594,0,0.005611896514892578,2024-6-9--5:34:25
595,0,0.004581928253173828,2024-6-9--5:34:25
596,0,0.003957033157348633,2024-6-9--5:34:25
597,0,0.00401616096496582,2024-6-9--5:34:25
598,0,0.0042667388916015625,2024-6-9--5:34:25
599,0,0.004045724868774414,2024-6-9--5:34:25
600,0,0.0044667720794677734,2024-6-9--5:34:25
601,0,0.004505634307861328,2024-6-9--5:34:25
602,0,0.004505634307861328,2024-6-9--5:34:25
603,0,0.0053827762603759766,2024-6-9--5:34:25
604,0,0.004858970642089844,2024-6-9--5:34:25
605,0,0.004015445709228516,2024-6-9--5:34:25
606,0,0.00462794303894043,2024-6-9--5:34:25
607,0,0.0044248104095458984,2024-6-9--5:34:25
608,0,0.004660129547119141,2024-6-9--5:34:25
609,0,0.0041806697845458984,2024-6-9--5:34:25
610,0,0.004343748092651367,2024-6-9--5:34:25
611,0,0.00420069694519043,2024-6-9--5:34:25
612,0,0.005332469940185547,2024-6-9--5:34:25
613,0,0.0042095184326171875,2024-6-9--5:34:25
614,0,0.004520893096923828,2024-6-9--5:34:25
615,0,0.004912614822387695,2024-6-9--5:34:26
616,0,0.0040130615234375,2024-6-9--5:34:26
617,0,0.003921985626220703,2024-6-9--5:34:26
618,0,0.004953622817993164,2024-6-9--5:34:26
619,0,0.003987550735473633,2024-6-9--5:34:26
620,0,0.003795623779296875,2024-6-9--5:34:26
621,0,0.004648685455322266,2024-6-9--5:34:26
622,0,0.0048334598541259766,2024-6-9--5:34:26
623,0,0.0038156509399414062,2024-6-9--5:34:26
624,0,0.004215717315673828,2024-6-9--5:34:26
625,0,0.004828691482543945,2024-6-9--5:34:26
626,0,0.0037488937377929688,2024-6-9--5:34:26
627,0,0.0036089420318603516,2024-6-9--5:34:26
628,0,0.0045964717864990234,2024-6-9--5:34:26
629,0,0.0039713382720947266,2024-6-9--5:34:26
630,0,0.00443267822265625,2024-6-9--5:34:26
631,0,0.004522085189819336,2024-6-9--5:34:26
632,0,0.0042951107025146484,2024-6-9--5:34:26
633,0,0.003584623336791992,2024-6-9--5:34:26
634,0,0.004410266876220703,2024-6-9--5:34:26
635,0,0.004346132278442383,2024-6-9--5:34:26
636,0,0.004304409027099609,2024-6-9--5:34:26
637,0,0.004118919372558594,2024-6-9--5:34:26
638,0,0.0042552947998046875,2024-6-9--5:34:26
639,0,0.004327297210693359,2024-6-9--5:34:26
640,0,0.0037355422973632812,2024-6-9--5:34:26
641,0,0.0047283172607421875,2024-6-9--5:34:26
642,0,0.004638671875,2024-6-9--5:34:26
643,0,0.003120899200439453,2024-6-9--5:34:26
644,0,0.00413060188293457,2024-6-9--5:34:26
645,0,0.005506038665771484,2024-6-9--5:34:26
646,0,0.004292488098144531,2024-6-9--5:34:26
647,0,0.00507664680480957,2024-6-9--5:34:26
648,0,0.0047643184661865234,2024-6-9--5:34:26
649,0,0.004260063171386719,2024-6-9--5:34:26
650,0,0.0037674903869628906,2024-6-9--5:34:26
651,0,0.004025697708129883,2024-6-9--5:34:26
652,0,0.004038095474243164,2024-6-9--5:34:26
653,0,0.0038089752197265625,2024-6-9--5:34:26
654,0,0.004365205764770508,2024-6-9--5:34:26
655,0,0.003960847854614258,2024-6-9--5:34:26
656,0,0.0044116973876953125,2024-6-9--5:34:26
657,0,0.004028797149658203,2024-6-9--5:34:26
658,0,0.004594326019287109,2024-6-9--5:34:26
659,0,0.0045871734619140625,2024-6-9--5:34:26
660,0,0.0042877197265625,2024-6-9--5:34:26
661,0,0.004332780838012695,2024-6-9--5:34:26
662,0,0.004312992095947266,2024-6-9--5:34:26
663,0,0.0042531490325927734,2024-6-9--5:34:26
664,0,0.004281044006347656,2024-6-9--5:34:26
665,0,0.004034996032714844,2024-6-9--5:34:26
666,0,0.0038881301879882812,2024-6-9--5:34:26
667,0,0.004010200500488281,2024-6-9--5:34:26
668,0,0.0040857791900634766,2024-6-9--5:34:26
669,0,0.00395512580871582,2024-6-9--5:34:26
670,0,0.004748106002807617,2024-6-9--5:34:26
671,0,0.0041811466217041016,2024-6-9--5:34:26
672,0,0.003996133804321289,2024-6-9--5:34:26
673,0,0.003998517990112305,2024-6-9--5:34:26
674,0,0.004647254943847656,2024-6-9--5:34:26
675,0,0.004088640213012695,2024-6-9--5:34:26
676,0,0.004827737808227539,2024-6-9--5:34:26
677,0,0.004192352294921875,2024-6-9--5:34:26
678,0,0.004170894622802734,2024-6-9--5:34:26
679,0,0.0039017200469970703,2024-6-9--5:34:26
680,0,0.004355907440185547,2024-6-9--5:34:26
681,0,0.0036668777465820312,2024-6-9--5:34:26
682,0,0.004668235778808594,2024-6-9--5:34:26
683,0,0.003771066665649414,2024-6-9--5:34:26
684,0,0.004328250885009766,2024-6-9--5:34:26
685,0,0.00411224365234375,2024-6-9--5:34:26
686,0,0.004051685333251953,2024-6-9--5:34:26
687,0,0.003454923629760742,2024-6-9--5:34:26
688,0,0.003408670425415039,2024-6-9--5:34:26
689,0,0.0036056041717529297,2024-6-9--5:34:26
690,0,0.003892660140991211,2024-6-9--5:34:26
691,0,0.004393100738525391,2024-6-9--5:34:26
692,0,0.0034952163696289062,2024-6-9--5:34:26
693,0,0.004090547561645508,2024-6-9--5:34:26
694,0,0.003536701202392578,2024-6-9--5:34:26
695,0,0.0039577484130859375,2024-6-9--5:34:26
696,0,0.003153562545776367,2024-6-9--5:34:26
697,0,0.003192424774169922,2024-6-9--5:34:26
698,0,0.0037469863891601562,2024-6-9--5:34:26
699,0,0.00333404541015625,2024-6-9--5:34:26
700,0,0.0038688182830810547,2024-6-9--5:34:26
701,0,0.0036673545837402344,2024-6-9--5:34:26
702,0,0.003824949264526367,2024-6-9--5:34:26
703,0,0.0033674240112304688,2024-6-9--5:34:26
704,0,0.0035507678985595703,2024-6-9--5:34:26
705,0,0.003715038299560547,2024-6-9--5:34:26
706,0,0.0034494400024414062,2024-6-9--5:34:26
707,0,0.0036935806274414062,2024-6-9--5:34:26
708,0,0.003955364227294922,2024-6-9--5:34:26
709,0,0.0035164356231689453,2024-6-9--5:34:26
710,0,0.00362396240234375,2024-6-9--5:34:26
711,0,0.0041310787200927734,2024-6-9--5:34:26
712,0,0.004161834716796875,2024-6-9--5:34:26
713,0,0.003688335418701172,2024-6-9--5:34:26
714,0,0.003843069076538086,2024-6-9--5:34:26
715,0,0.0034377574920654297,2024-6-9--5:34:26
716,0,0.004012107849121094,2024-6-9--5:34:26
717,0,0.003844738006591797,2024-6-9--5:34:26
718,0,0.003595590591430664,2024-6-9--5:34:26
719,0,0.003895282745361328,2024-6-9--5:34:26
720,0,0.003744840621948242,2024-6-9--5:34:26
721,0,0.0033288002014160156,2024-6-9--5:34:26
722,0,0.004044532775878906,2024-6-9--5:34:26
723,0,0.004830598831176758,2024-6-9--5:34:26
724,0,0.003607511520385742,2024-6-9--5:34:26
725,0,0.003575563430786133,2024-6-9--5:34:26
726,0,0.0036344528198242188,2024-6-9--5:34:26
727,0,0.004661083221435547,2024-6-9--5:34:26
728,0,0.003688335418701172,2024-6-9--5:34:26
729,0,0.004081010818481445,2024-6-9--5:34:26
730,0,0.0032646656036376953,2024-6-9--5:34:26
731,0,0.0033626556396484375,2024-6-9--5:34:26
732,0,0.0037467479705810547,2024-6-9--5:34:26
733,0,0.0039479732513427734,2024-6-9--5:34:26
734,0,0.0037686824798583984,2024-6-9--5:34:26
735,0,0.0036602020263671875,2024-6-9--5:34:26
736,1,0.25264883041381836,2024-6-9--5:34:26
737,0,0.004051923751831055,2024-6-9--5:34:26
738,0,0.003455638885498047,2024-6-9--5:34:26
739,0,0.0035331249237060547,2024-6-9--5:34:26
740,0,0.0040318965911865234,2024-6-9--5:34:26
741,0,0.0032799243927001953,2024-6-9--5:34:26
742,0,0.004067897796630859,2024-6-9--5:34:26
743,0,0.0034232139587402344,2024-6-9--5:34:26
744,0,0.004397392272949219,2024-6-9--5:34:26
745,0,0.00427556037902832,2024-6-9--5:34:26
746,0,0.0038034915924072266,2024-6-9--5:34:26
747,0,0.003812551498413086,2024-6-9--5:34:26
748,0,0.0032269954681396484,2024-6-9--5:34:26
749,0,0.00360107421875,2024-6-9--5:34:26
750,0,0.004065752029418945,2024-6-9--5:34:26
751,0,0.003571748733520508,2024-6-9--5:34:26
752,0,0.0031709671020507812,2024-6-9--5:34:26
753,0,0.003150463104248047,2024-6-9--5:34:26
754,0,0.0035088062286376953,2024-6-9--5:34:26
755,0,0.0035529136657714844,2024-6-9--5:34:26
756,0,0.0031900405883789062,2024-6-9--5:34:26
757,0,0.0035033226013183594,2024-6-9--5:34:26
758,0,0.0038335323333740234,2024-6-9--5:34:26
759,0,0.003940105438232422,2024-6-9--5:34:26
760,0,0.004522562026977539,2024-6-9--5:34:26
761,0,0.0032885074615478516,2024-6-9--5:34:26
762,0,0.003651857376098633,2024-6-9--5:34:26
763,0,0.004072427749633789,2024-6-9--5:34:26
764,0,0.0029065608978271484,2024-6-9--5:34:26
765,0,0.0035948753356933594,2024-6-9--5:34:26
766,0,0.0033659934997558594,2024-6-9--5:34:26
767,0,0.0036995410919189453,2024-6-9--5:34:26
768,0,0.003551006317138672,2024-6-9--5:34:26
769,0,0.0036575794219970703,2024-6-9--5:34:26
770,0,0.0037331581115722656,2024-6-9--5:34:26
771,0,0.003785848617553711,2024-6-9--5:34:26
772,0,0.003331422805786133,2024-6-9--5:34:26
773,0,0.003473043441772461,2024-6-9--5:34:26
774,0,0.004345893859863281,2024-6-9--5:34:26
775,0,0.004214048385620117,2024-6-9--5:34:26
776,0,0.003568887710571289,2024-6-9--5:34:26
777,0,0.0035622119903564453,2024-6-9--5:34:26
778,0,0.0038242340087890625,2024-6-9--5:34:26
779,0,0.003509998321533203,2024-6-9--5:34:26
780,0,0.0036194324493408203,2024-6-9--5:34:26
781,0,0.0032663345336914062,2024-6-9--5:34:26
782,0,0.003699779510498047,2024-6-9--5:34:26
783,1,0.18713808059692383,2024-6-9--5:34:27
784,0,0.00437164306640625,2024-6-9--5:34:27
785,0,0.0035028457641601562,2024-6-9--5:34:27
786,0,0.003952503204345703,2024-6-9--5:34:27
787,0,0.004653215408325195,2024-6-9--5:34:27
788,0,0.00394892692565918,2024-6-9--5:34:27
789,0,0.003604888916015625,2024-6-9--5:34:27
790,0,0.003361225128173828,2024-6-9--5:34:27
791,0,0.003502368927001953,2024-6-9--5:34:27
792,0,0.003360271453857422,2024-6-9--5:34:27
793,0,0.003362894058227539,2024-6-9--5:34:27
794,0,0.0032911300659179688,2024-6-9--5:34:27
795,0,0.0032813549041748047,2024-6-9--5:34:27
796,0,0.004341602325439453,2024-6-9--5:34:27
797,0,0.003289937973022461,2024-6-9--5:34:27
798,0,0.0039975643157958984,2024-6-9--5:34:27
799,0,0.0038514137268066406,2024-6-9--5:34:27
800,0,0.003641843795776367,2024-6-9--5:34:27
801,0,0.003419637680053711,2024-6-9--5:34:27
802,0,0.003950595855712891,2024-6-9--5:34:27
803,0,0.003348112106323242,2024-6-9--5:34:27
804,0,0.003324747085571289,2024-6-9--5:34:27
805,0,0.0038552284240722656,2024-6-9--5:34:27
806,0,0.003608226776123047,2024-6-9--5:34:27
807,0,0.0038013458251953125,2024-6-9--5:34:27
808,0,0.0034427642822265625,2024-6-9--5:34:27
809,0,0.0037577152252197266,2024-6-9--5:34:27
810,0,0.003354310989379883,2024-6-9--5:34:27
811,0,0.0036160945892333984,2024-6-9--5:34:27
812,0,0.0037775039672851562,2024-6-9--5:34:27
813,0,0.0037114620208740234,2024-6-9--5:34:27
814,0,0.0043447017669677734,2024-6-9--5:34:27
815,0,0.00396728515625,2024-6-9--5:34:27
816,0,0.003646373748779297,2024-6-9--5:34:27
817,0,0.0032563209533691406,2024-6-9--5:34:27
818,0,0.0033087730407714844,2024-6-9--5:34:27
819,0,0.003994941711425781,2024-6-9--5:34:27
820,0,0.0035676956176757812,2024-6-9--5:34:27
821,0,0.0037462711334228516,2024-6-9--5:34:27
822,0,0.0035169124603271484,2024-6-9--5:34:27
823,0,0.00401616096496582,2024-6-9--5:34:27
824,0,0.0035200119018554688,2024-6-9--5:34:27
825,0,0.0033414363861083984,2024-6-9--5:34:27
826,0,0.003561258316040039,2024-6-9--5:34:27
827,0,0.004647016525268555,2024-6-9--5:34:27
828,0,0.004133701324462891,2024-6-9--5:34:27
829,0,0.004075288772583008,2024-6-9--5:34:27
830,0,0.004098653793334961,2024-6-9--5:34:27
831,0,0.003536224365234375,2024-6-9--5:34:27
832,0,0.003938436508178711,2024-6-9--5:34:27
833,0,0.0042302608489990234,2024-6-9--5:34:27
834,0,0.003115415573120117,2024-6-9--5:34:27
835,0,0.004012584686279297,2024-6-9--5:34:27
836,0,0.0033550262451171875,2024-6-9--5:34:27
837,0,0.0038123130798339844,2024-6-9--5:34:27
838,0,0.0027005672454833984,2024-6-9--5:34:27
839,0,0.0033423900604248047,2024-6-9--5:34:27
840,0,0.0034203529357910156,2024-6-9--5:34:27
841,0,0.0045740604400634766,2024-6-9--5:34:27
842,0,0.0036058425903320312,2024-6-9--5:34:27
843,0,0.0044820308685302734,2024-6-9--5:34:27
844,0,0.003396749496459961,2024-6-9--5:34:27
845,0,0.003317117691040039,2024-6-9--5:34:27
846,0,0.0029935836791992188,2024-6-9--5:34:27
847,0,0.003468036651611328,2024-6-9--5:34:27
848,0,0.0039520263671875,2024-6-9--5:34:27
849,0,0.00427699089050293,2024-6-9--5:34:27
850,0,0.0038938522338867188,2024-6-9--5:34:27
851,0,0.004161357879638672,2024-6-9--5:34:27
852,0,0.0037758350372314453,2024-6-9--5:34:27
853,0,0.003818511962890625,2024-6-9--5:34:27
854,0,0.003116607666015625,2024-6-9--5:34:27
855,0,0.00337982177734375,2024-6-9--5:34:27
856,0,0.003667593002319336,2024-6-9--5:34:27
857,0,0.004099845886230469,2024-6-9--5:34:27
858,0,0.0035250186920166016,2024-6-9--5:34:27
859,0,0.004352569580078125,2024-6-9--5:34:27
860,0,0.0036880970001220703,2024-6-9--5:34:27
861,0,0.003824949264526367,2024-6-9--5:34:27
862,0,0.0037043094635009766,2024-6-9--5:34:27
863,0,0.0037539005279541016,2024-6-9--5:34:27
864,0,0.003013134002685547,2024-6-9--5:34:27
865,0,0.00359344482421875,2024-6-9--5:34:27
866,0,0.003713846206665039,2024-6-9--5:34:27
867,0,0.003748178482055664,2024-6-9--5:34:27
868,0,0.0038213729858398438,2024-6-9--5:34:27
869,0,0.0033740997314453125,2024-6-9--5:34:27
870,0,0.0032873153686523438,2024-6-9--5:34:27
871,0,0.0031194686889648438,2024-6-9--5:34:27
872,0,0.0034325122833251953,2024-6-9--5:34:27
873,0,0.003156423568725586,2024-6-9--5:34:27
874,0,0.003915548324584961,2024-6-9--5:34:27
875,0,0.003470182418823242,2024-6-9--5:34:27
876,0,0.003634214401245117,2024-6-9--5:34:27
877,0,0.003983974456787109,2024-6-9--5:34:27
878,0,0.002760648727416992,2024-6-9--5:34:27
879,0,0.0031855106353759766,2024-6-9--5:34:27
880,0,0.003155231475830078,2024-6-9--5:34:27
881,0,0.0037500858306884766,2024-6-9--5:34:27
882,0,0.003368377685546875,2024-6-9--5:34:27
883,0,0.0036640167236328125,2024-6-9--5:34:27
884,0,0.0034601688385009766,2024-6-9--5:34:27
885,0,0.003147602081298828,2024-6-9--5:34:27
886,0,0.0038650035858154297,2024-6-9--5:34:27
887,0,0.003203868865966797,2024-6-9--5:34:27
888,0,0.003454446792602539,2024-6-9--5:34:27
889,0,0.0033905506134033203,2024-6-9--5:34:27
890,0,0.0036287307739257812,2024-6-9--5:34:27
891,0,0.004183292388916016,2024-6-9--5:34:27
892,0,0.0036911964416503906,2024-6-9--5:34:27
893,0,0.004090785980224609,2024-6-9--5:34:27
894,0,0.003587961196899414,2024-6-9--5:34:27
895,0,0.004026174545288086,2024-6-9--5:34:27
896,0,0.004038095474243164,2024-6-9--5:34:27
897,0,0.0041294097900390625,2024-6-9--5:34:27
898,0,0.0031347274780273438,2024-6-9--5:34:27
899,0,0.003911495208740234,2024-6-9--5:34:27
900,0,0.004173755645751953,2024-6-9--5:34:27
901,0,0.0033025741577148438,2024-6-9--5:34:27
902,0,0.004122734069824219,2024-6-9--5:34:27
903,0,0.0035669803619384766,2024-6-9--5:34:27
904,0,0.0037724971771240234,2024-6-9--5:34:27
905,0,0.003856182098388672,2024-6-9--5:34:27
906,0,0.003224611282348633,2024-6-9--5:34:27
907,0,0.0035097599029541016,2024-6-9--5:34:27
908,0,0.0032286643981933594,2024-6-9--5:34:27
909,0,0.003121614456176758,2024-6-9--5:34:27
910,0,0.0036525726318359375,2024-6-9--5:34:27
911,0,0.0038394927978515625,2024-6-9--5:34:27
912,0,0.0036127567291259766,2024-6-9--5:34:27
913,0,0.0035135746002197266,2024-6-9--5:34:27
914,0,0.003719329833984375,2024-6-9--5:34:27
915,0,0.0034940242767333984,2024-6-9--5:34:27
916,0,0.003915309906005859,2024-6-9--5:34:27
917,0,0.003796815872192383,2024-6-9--5:34:27
918,0,0.003482818603515625,2024-6-9--5:34:27
919,0,0.004283905029296875,2024-6-9--5:34:27
920,0,0.0038764476776123047,2024-6-9--5:34:27
921,0,0.0036516189575195312,2024-6-9--5:34:27
922,0,0.003778219223022461,2024-6-9--5:34:27
923,0,0.0039520263671875,2024-6-9--5:34:27
924,0,0.0038454532623291016,2024-6-9--5:34:27
925,0,0.003765583038330078,2024-6-9--5:34:27
926,0,0.003972053527832031,2024-6-9--5:34:27
927,0,0.003500223159790039,2024-6-9--5:34:27
928,0,0.003720998764038086,2024-6-9--5:34:27
929,0,0.003406047821044922,2024-6-9--5:34:27
930,0,0.003171205520629883,2024-6-9--5:34:27
931,0,0.0035429000854492188,2024-6-9--5:34:27
932,0,0.003477334976196289,2024-6-9--5:34:27
933,0,0.0039479732513427734,2024-6-9--5:34:27
934,0,0.0035364627838134766,2024-6-9--5:34:27
935,0,0.003727436065673828,2024-6-9--5:34:27
936,0,0.003845691680908203,2024-6-9--5:34:27
937,0,0.003892660140991211,2024-6-9--5:34:27
938,0,0.0036568641662597656,2024-6-9--5:34:27
939,0,0.003599882125854492,2024-6-9--5:34:27
940,0,0.004528045654296875,2024-6-9--5:34:27
941,0,0.0040662288665771484,2024-6-9--5:34:27
942,0,0.0035698413848876953,2024-6-9--5:34:27
943,0,0.003084421157836914,2024-6-9--5:34:27
944,0,0.003091573715209961,2024-6-9--5:34:27
945,0,0.003988504409790039,2024-6-9--5:34:27
946,0,0.003581523895263672,2024-6-9--5:34:27
947,0,0.00366973876953125,2024-6-9--5:34:27
948,0,0.0034842491149902344,2024-6-9--5:34:27
949,0,0.003316640853881836,2024-6-9--5:34:27
950,0,0.0032727718353271484,2024-6-9--5:34:27
951,0,0.003844738006591797,2024-6-9--5:34:27
952,0,0.0036394596099853516,2024-6-9--5:34:27
953,0,0.003461122512817383,2024-6-9--5:34:27
954,0,0.0035729408264160156,2024-6-9--5:34:27
955,0,0.0039212703704833984,2024-6-9--5:34:27
956,0,0.0038034915924072266,2024-6-9--5:34:27
957,0,0.0035223960876464844,2024-6-9--5:34:27
958,0,0.0039844512939453125,2024-6-9--5:34:27
959,0,0.003693819046020508,2024-6-9--5:34:27
960,0,0.0039904117584228516,2024-6-9--5:34:27
961,0,0.003759145736694336,2024-6-9--5:34:27
962,0,0.003319978713989258,2024-6-9--5:34:27
963,0,0.003727436065673828,2024-6-9--5:34:27
964,0,0.0034568309783935547,2024-6-9--5:34:27
965,0,0.00408482551574707,2024-6-9--5:34:27
966,0,0.003208160400390625,2024-6-9--5:34:27
967,0,0.0032341480255126953,2024-6-9--5:34:27
968,0,0.004167795181274414,2024-6-9--5:34:27
969,0,0.0034329891204833984,2024-6-9--5:34:27
970,0,0.0031366348266601562,2024-6-9--5:34:27
971,0,0.003747224807739258,2024-6-9--5:34:27
972,0,0.0035829544067382812,2024-6-9--5:34:27
973,0,0.0026595592498779297,2024-6-9--5:34:27
974,0,0.003738880157470703,2024-6-9--5:34:27
975,0,0.0035750865936279297,2024-6-9--5:34:27
976,0,0.0035250186920166016,2024-6-9--5:34:27
977,0,0.0036857128143310547,2024-6-9--5:34:27
978,0,0.0037331581115722656,2024-6-9--5:34:27
979,0,0.0029799938201904297,2024-6-9--5:34:27
980,0,0.0030815601348876953,2024-6-9--5:34:27
981,0,0.0034928321838378906,2024-6-9--5:34:27
982,0,0.024869918823242188,2024-6-9--5:34:27
983,0,0.0038030147552490234,2024-6-9--5:34:27
984,0,0.0034945011138916016,2024-6-9--5:34:27
985,0,0.00416111946105957,2024-6-9--5:34:27
986,0,0.003984689712524414,2024-6-9--5:34:28
987,0,0.003469228744506836,2024-6-9--5:34:28
988,0,0.0033102035522460938,2024-6-9--5:34:28
989,0,0.0036630630493164062,2024-6-9--5:34:28
990,0,0.004202127456665039,2024-6-9--5:34:28
991,0,0.003920793533325195,2024-6-9--5:34:28
992,0,0.003977775573730469,2024-6-9--5:34:28
993,0,0.0032911300659179688,2024-6-9--5:34:28
994,0,0.003659963607788086,2024-6-9--5:34:28
995,0,0.0035431385040283203,2024-6-9--5:34:28
996,0,0.003645658493041992,2024-6-9--5:34:28
997,0,0.003469705581665039,2024-6-9--5:34:28
3167244,3,1.2248022556304932,2024-6-9--5:36:13
3167245,10,4.948222398757935,2024-6-9--5:36:18
3167246,17,6.2023491859436035,2024-6-9--5:36:24
3167247,64,25.70203685760498,2024-6-9--5:36:50
3167248,19,5.993210315704346,2024-6-9--5:36:56
3167249,23,7.33397650718689,2024-6-9--5:37:3
3167250,12,3.9349076747894287,2024-6-9--5:37:7
3167251,76,28.96342158317566,2024-6-9--5:37:36
3167252,77,28.75784397125244,2024-6-9--5:38:5
3167253,92,31.041502237319946,2024-6-9--5:38:36
3167254,21,5.7805421352386475,2024-6-9--5:38:42
3167254,21,25.731433391571045,2024-6-9--5:41:32
3167255,0,14.13394546508789,2024-6-9--5:41:46
3167256,89,42.93647837638855,2024-6-9--5:42:29
3167256,89,34.40472197532654,2024-6-9--5:53:16
3167257,67,29.437618732452393,2024-6-9--5:53:45
3167258,75,29.180622339248657,2024-6-9--5:54:15
3167258,75,31.58621573448181,2024-6-9--6:3:13
3167259,1,0.145643949508667,2024-6-9--6:3:13
3167260,68,22.72642183303833,2024-6-9--6:3:36
3167261,19,5.522479057312012,2024-6-9--6:3:42
3167262,7,1.8836486339569092,2024-6-9--6:3:43
3167263,30,7.454897165298462,2024-6-9--6:3:51
3167264,76,28.97852921485901,2024-6-9--6:4:20
3167264,76,32.56035542488098,2024-6-9--6:7:25
3167265,89,31.70622730255127,2024-6-9--6:7:57
3167265,89,33.937626361846924,2024-6-9--6:8:50
1000001,0,0.007241725921630859,2024-6-9--6:11:18
1000002,4,0.9872922897338867,2024-6-9--6:11:19
1000003,0,0.0048182010650634766,2024-6-9--6:11:19
1000004,0,0.004172086715698242,2024-6-9--6:11:19
1000005,0,0.0045125484466552734,2024-6-9--6:11:19
1000006,1,1.148313045501709,2024-6-9--6:11:20
1000007,0,0.0049228668212890625,2024-6-9--6:11:20
1000008,0,0.0035517215728759766,2024-6-9--6:11:20
1000009,1,0.14724040031433105,2024-6-9--6:11:20
1000010,0,0.004868984222412109,2024-6-9--6:11:20
1000011,1,1.475895643234253,2024-6-9--6:11:22
1000012,0,0.00473475456237793,2024-6-9--6:11:22
1000013,0,0.004349470138549805,2024-6-9--6:11:22
1000014,0,0.003889322280883789,2024-6-9--6:11:22
1000015,0,0.0037789344787597656,2024-6-9--6:11:22
1000016,0,0.0037505626678466797,2024-6-9--6:11:22
1000017,0,0.0035507678985595703,2024-6-9--6:11:22
1000018,0,0.0034830570220947266,2024-6-9--6:11:22
1000019,0,0.0034308433532714844,2024-6-9--6:11:22
1000020,0,0.003569364547729492,2024-6-9--6:11:22
1000021,1,0.289076566696167,2024-6-9--6:11:22
1000022,0,0.004550933837890625,2024-6-9--6:11:22
1000023,0,0.004449605941772461,2024-6-9--6:11:22
1000024,0,0.00482487678527832,2024-6-9--6:11:22
1000025,0,0.003858804702758789,2024-6-9--6:11:22
1000026,0,0.004120826721191406,2024-6-9--6:11:22
1000027,0,0.004310131072998047,2024-6-9--6:11:22
1000028,1,0.19099974632263184,2024-6-9--6:11:22
1000029,0,0.004441499710083008,2024-6-9--6:11:22
1000030,0,0.004150390625,2024-6-9--6:11:22
1000031,0,0.004191875457763672,2024-6-9--6:11:22
1000032,0,0.0037887096405029297,2024-6-9--6:11:22
1000033,0,0.003701448440551758,2024-6-9--6:11:22
1000034,0,0.0037758350372314453,2024-6-9--6:11:22
1000035,0,0.00416254997253418,2024-6-9--6:11:22
1000036,0,0.0039441585540771484,2024-6-9--6:11:22
1000037,0,0.00411677360534668,2024-6-9--6:11:22
1000038,0,0.0036118030548095703,2024-6-9--6:11:22
1000039,1,0.06124162673950195,2024-6-9--6:11:22
1000040,1,0.10319662094116211,2024-6-9--6:11:22
1000041,0,0.004211902618408203,2024-6-9--6:11:22
1000042,2,0.7529120445251465,2024-6-9--6:11:23
1000043,0,0.0040130615234375,2024-6-9--6:11:23
1000044,1,0.06289839744567871,2024-6-9--6:11:23
1000045,0,0.004877328872680664,2024-6-9--6:11:23
1000046,0,0.004204988479614258,2024-6-9--6:11:23
1000047,0,0.0037500858306884766,2024-6-9--6:11:23
1000048,1,3.9969980716705322,2024-6-9--6:11:27
1000049,0,0.0045146942138671875,2024-6-9--6:11:27
1000050,1,0.19272828102111816,2024-6-9--6:11:27
1000051,0,0.004395961761474609,2024-6-9--6:11:27
1000052,0,0.004137516021728516,2024-6-9--6:11:27
1000053,0,0.003637552261352539,2024-6-9--6:11:27
1000054,1,0.07821273803710938,2024-6-9--6:11:28
1000055,0,0.0048906803131103516,2024-6-9--6:11:28
1000056,0,0.004517316818237305,2024-6-9--6:11:28
1000057,0,0.004294633865356445,2024-6-9--6:11:28
1000058,1,0.06216025352478027,2024-6-9--6:11:28
1000059,0,0.004830837249755859,2024-6-9--6:11:28
1000060,3,3.5352983474731445,2024-6-9--6:11:31
1000061,0,0.003697633743286133,2024-6-9--6:11:31
1000062,0,0.0036461353302001953,2024-6-9--6:11:31
1000063,0,0.0032722949981689453,2024-6-9--6:11:31
1000064,0,0.003030061721801758,2024-6-9--6:11:31
1000065,0,0.0027213096618652344,2024-6-9--6:11:31
1000066,1,0.15213942527770996,2024-6-9--6:11:31
1000067,0,0.0031387805938720703,2024-6-9--6:11:31
1000068,0,0.002698183059692383,2024-6-9--6:11:31
1000069,0,0.0028455257415771484,2024-6-9--6:11:31
1000070,0,0.0026466846466064453,2024-6-9--6:11:31
1000071,0,0.003290891647338867,2024-6-9--6:11:31
1000072,0,0.0029578208923339844,2024-6-9--6:11:31
1000073,1,2.071486473083496,2024-6-9--6:11:33
1000074,0,0.004362344741821289,2024-6-9--6:11:33
1000075,2,0.3339095115661621,2024-6-9--6:11:34
1000076,0,0.00344085693359375,2024-6-9--6:11:34
1000077,0,0.003160238265991211,2024-6-9--6:11:34
1000078,0,0.0032422542572021484,2024-6-9--6:11:34
1000079,0,0.0031392574310302734,2024-6-9--6:11:34
1000080,0,0.0031507015228271484,2024-6-9--6:11:34
1000081,0,0.003434419631958008,2024-6-9--6:11:34
1000082,0,0.0037217140197753906,2024-6-9--6:11:34
1000083,0,0.0030982494354248047,2024-6-9--6:11:34
1000084,0,0.003150463104248047,2024-6-9--6:11:34
1000085,1,0.7393577098846436,2024-6-9--6:11:35
1000086,0,0.0041925907135009766,2024-6-9--6:11:35
1000087,0,0.0029036998748779297,2024-6-9--6:11:35
1000088,0,0.0028476715087890625,2024-6-9--6:11:35
1000089,0,0.003139972686767578,2024-6-9--6:11:35
1000090,1,0.5046265125274658,2024-6-9--6:11:35
1000091,1,0.4994931221008301,2024-6-9--6:11:36
1000092,0,0.0039424896240234375,2024-6-9--6:11:36
1000093,1,0.04993844032287598,2024-6-9--6:11:36
1000094,0,0.003629922866821289,2024-6-9--6:11:36
1000095,0,0.0032646656036376953,2024-6-9--6:11:36
1000096,0,0.003926992416381836,2024-6-9--6:11:36
1000097,2,2.7542433738708496,2024-6-9--6:11:38
1000098,0,0.003525257110595703,2024-6-9--6:11:38
1000099,0,0.0024840831756591797,2024-6-9--6:11:38
1000100,0,0.0027832984924316406,2024-6-9--6:11:38
1000101,0,0.0033097267150878906,2024-6-9--6:11:38
1000102,0,0.0046460628509521484,2024-6-9--6:11:38
1000103,2,0.3563995361328125,2024-6-9--6:11:39
1000104,0,0.003567934036254883,2024-6-9--6:11:39
1000105,0,0.0030617713928222656,2024-6-9--6:11:39
1000106,0,0.0034415721893310547,2024-6-9--6:11:39
1000107,0,0.0032160282135009766,2024-6-9--6:11:39
1000108,0,0.003130197525024414,2024-6-9--6:11:39
1000109,0,0.003010272979736328,2024-6-9--6:11:39
1000110,0,0.002897024154663086,2024-6-9--6:11:39
1000111,1,0.08705544471740723,2024-6-9--6:11:39
1000112,0,0.0038068294525146484,2024-6-9--6:11:39
1000113,2,0.13592195510864258,2024-6-9--6:11:39
1000114,0,0.0038976669311523438,2024-6-9--6:11:39
1000115,0,0.0025839805603027344,2024-6-9--6:11:39
1000116,0,0.002708911895751953,2024-6-9--6:11:39
1000117,0,0.002817869186401367,2024-6-9--6:11:39
1000118,1,0.30672240257263184,2024-6-9--6:11:39
1000119,2,0.20804047584533691,2024-6-9--6:11:40
1000120,0,0.003644704818725586,2024-6-9--6:11:40
1000121,0,0.0028498172760009766,2024-6-9--6:11:40
1000122,0,0.002887725830078125,2024-6-9--6:11:40
1000123,0,0.003117084503173828,2024-6-9--6:11:40
1000124,0,0.0033202171325683594,2024-6-9--6:11:40
1000125,0,0.002543926239013672,2024-6-9--6:11:40
1000126,0,0.0033168792724609375,2024-6-9--6:11:40
1000127,1,0.04738616943359375,2024-6-9--6:11:40
1000128,0,0.0037293434143066406,2024-6-9--6:11:40
1000129,2,0.9816923141479492,2024-6-9--6:11:41
1000130,0,0.003452301025390625,2024-6-9--6:11:41
1000131,0,0.002843141555786133,2024-6-9--6:11:41
1000132,0,0.0026578903198242188,2024-6-9--6:11:41
1000133,0,0.0031218528747558594,2024-6-9--6:11:41
1000134,0,0.0025250911712646484,2024-6-9--6:11:41
1000135,0,0.002711057662963867,2024-6-9--6:11:41
1000136,1,2.4647068977355957,2024-6-9--6:11:43
1000137,0,0.0036025047302246094,2024-6-9--6:11:43
1000138,1,0.6601893901824951,2024-6-9--6:11:44
1000139,1,0.04559755325317383,2024-6-9--6:11:44
1000140,0,0.0041081905364990234,2024-6-9--6:11:44
1000141,0,0.003599882125854492,2024-6-9--6:11:44
1000142,0,0.0033397674560546875,2024-6-9--6:11:44
1000143,0,0.0029633045196533203,2024-6-9--6:11:44
1000144,0,0.003164052963256836,2024-6-9--6:11:44
1000145,0,0.0031833648681640625,2024-6-9--6:11:44
1000146,0,0.0030193328857421875,2024-6-9--6:11:44
1000147,0,0.0034453868865966797,2024-6-9--6:11:44
1000148,0,0.003072977066040039,2024-6-9--6:11:44
1000149,0,0.0033228397369384766,2024-6-9--6:11:44
1000150,2,0.5945065021514893,2024-6-9--6:11:44
1000151,0,0.0034334659576416016,2024-6-9--6:11:44
1000152,0,0.0030622482299804688,2024-6-9--6:11:44
1000153,1,0.28737592697143555,2024-6-9--6:11:45
1000154,0,0.0035605430603027344,2024-6-9--6:11:45
1000155,0,0.0027077198028564453,2024-6-9--6:11:45
1000156,0,0.0024843215942382812,2024-6-9--6:11:45
1000157,0,0.002638101577758789,2024-6-9--6:11:45
1000158,0,0.002915620803833008,2024-6-9--6:11:45
1000159,2,1.2205960750579834,2024-6-9--6:11:46
1000160,0,0.0036270618438720703,2024-6-9--6:11:46
1000161,4,2.136507511138916,2024-6-9--6:11:48
1000162,1,0.1275632381439209,2024-6-9--6:11:48
1000163,0,0.003503084182739258,2024-6-9--6:11:48
1000164,0,0.0034322738647460938,2024-6-9--6:11:48
1000165,2,0.7619304656982422,2024-6-9--6:11:49
1000166,1,0.6807730197906494,2024-6-9--6:11:50
1000167,0,0.004344463348388672,2024-6-9--6:11:50
1000168,3,1.707885980606079,2024-6-9--6:11:51
1000169,0,0.0038487911224365234,2024-6-9--6:11:51
1000170,0,0.0038843154907226562,2024-6-9--6:11:51
1000171,0,0.0036516189575195312,2024-6-9--6:11:51
1000172,0,0.0034530162811279297,2024-6-9--6:11:51
1000173,0,0.0031843185424804688,2024-6-9--6:11:51
1000174,0,0.003273487091064453,2024-6-9--6:11:51
1000175,0,0.0033893585205078125,2024-6-9--6:11:51
1000176,0,0.0032830238342285156,2024-6-9--6:11:51
1000177,0,0.0034439563751220703,2024-6-9--6:11:51
1000178,0,0.0033860206604003906,2024-6-9--6:11:51
1000179,4,2.3487744331359863,2024-6-9--6:11:54
1000180,0,0.003575563430786133,2024-6-9--6:11:54
1000181,0,0.0026917457580566406,2024-6-9--6:11:54
1000182,0,0.002396821975708008,2024-6-9--6:11:54
1000183,3,0.3448917865753174,2024-6-9--6:11:54
1000184,0,0.004389524459838867,2024-6-9--6:11:54
1000185,0,0.0031485557556152344,2024-6-9--6:11:54
1000186,1,0.09259462356567383,2024-6-9--6:11:54
1000187,0,0.003099203109741211,2024-6-9--6:11:54
1000188,0,0.0029191970825195312,2024-6-9--6:11:54
1000189,0,0.003520965576171875,2024-6-9--6:11:54
1000190,0,0.003757953643798828,2024-6-9--6:11:54
1000191,0,0.004578113555908203,2024-6-9--6:11:54
1000192,0,0.002901792526245117,2024-6-9--6:11:54
1000193,0,0.002824068069458008,2024-6-9--6:11:54
1000194,0,0.0026738643646240234,2024-6-9--6:11:54
1000195,0,0.0033180713653564453,2024-6-9--6:11:54
1000196,0,0.002717733383178711,2024-6-9--6:11:54
1000197,0,0.0027413368225097656,2024-6-9--6:11:54
1000198,1,0.7129108905792236,2024-6-9--6:11:55
1000199,2,1.0083532333374023,2024-6-9--6:11:56
1000200,4,1.133878469467163,2024-6-9--6:11:57
1000201,3,1.4546101093292236,2024-6-9--6:11:59
1000202,0,0.00393223762512207,2024-6-9--6:11:59
1000203,0,0.0036902427673339844,2024-6-9--6:11:59
1000204,0,0.0031261444091796875,2024-6-9--6:11:59
1000205,0,0.003004312515258789,2024-6-9--6:11:59
1000206,0,0.002827882766723633,2024-6-9--6:11:59
1000207,0,0.0028009414672851562,2024-6-9--6:11:59
1000208,0,0.0029914379119873047,2024-6-9--6:11:59
1000209,0,0.002661466598510742,2024-6-9--6:11:59
1000210,0,0.0032722949981689453,2024-6-9--6:11:59
1000211,1,1.328376054763794,2024-6-9--6:12:0
1000212,1,0.11496758460998535,2024-6-9--6:12:0
1000213,0,0.00354766845703125,2024-6-9--6:12:0
1000214,0,0.002721071243286133,2024-6-9--6:12:0
1000215,2,0.16488385200500488,2024-6-9--6:12:0
1000216,6,2.118577718734741,2024-6-9--6:12:2
1000217,2,0.8884916305541992,2024-6-9--6:12:3
1000218,0,0.003423929214477539,2024-6-9--6:12:3
1000219,0,0.002561807632446289,2024-6-9--6:12:3
1000220,0,0.002886533737182617,2024-6-9--6:12:3
1000221,0,0.002977132797241211,2024-6-9--6:12:3
1000222,0,0.002460002899169922,2024-6-9--6:12:3
1000223,0,0.003157377243041992,2024-6-9--6:12:3
1000224,3,0.3685941696166992,2024-6-9--6:12:4
1000225,1,0.08858275413513184,2024-6-9--6:12:4
1000226,0,0.004105091094970703,2024-6-9--6:12:4
1000227,1,2.9129650592803955,2024-6-9--6:12:7
1000228,5,0.7819874286651611,2024-6-9--6:12:7
1000229,0,0.0033113956451416016,2024-6-9--6:12:7
1000230,0,0.0032265186309814453,2024-6-9--6:12:7
1000231,0,0.0039179325103759766,2024-6-9--6:12:7
1000232,1,0.7575197219848633,2024-6-9--6:12:8
1000233,0,0.00331878662109375,2024-6-9--6:12:8
1000234,0,0.0027167797088623047,2024-6-9--6:12:8
1000235,0,0.0024929046630859375,2024-6-9--6:12:8
1000236,0,0.003235340118408203,2024-6-9--6:12:8
1000237,0,0.0027239322662353516,2024-6-9--6:12:8
1000238,0,0.0026597976684570312,2024-6-9--6:12:8
1000239,0,0.0024907588958740234,2024-6-9--6:12:8
1000240,0,0.002515077590942383,2024-6-9--6:12:8
1000241,1,0.1848292350769043,2024-6-9--6:12:8
1000242,0,0.004311084747314453,2024-6-9--6:12:8
1000243,0,0.0028014183044433594,2024-6-9--6:12:8
1000244,0,0.0027854442596435547,2024-6-9--6:12:8
1000245,1,1.1993029117584229,2024-6-9--6:12:10
1000246,0,0.004069328308105469,2024-6-9--6:12:10
1000247,0,0.003035306930541992,2024-6-9--6:12:10
1000248,1,0.11626935005187988,2024-6-9--6:12:10
1000249,0,0.004041910171508789,2024-6-9--6:12:10
1000250,0,0.003158092498779297,2024-6-9--6:12:10
1000251,0,0.0027916431427001953,2024-6-9--6:12:10
1000252,0,0.00243377685546875,2024-6-9--6:12:10
1000253,2,0.5867085456848145,2024-6-9--6:12:10
1000254,0,0.0037679672241210938,2024-6-9--6:12:10
1000255,0,0.002566099166870117,2024-6-9--6:12:10
1000256,0,0.0030603408813476562,2024-6-9--6:12:10
1000257,1,0.0862271785736084,2024-6-9--6:12:10
1000258,0,0.004592418670654297,2024-6-9--6:12:10
1000259,0,0.003134489059448242,2024-6-9--6:12:10
1000260,1,0.05891156196594238,2024-6-9--6:12:10
1000261,1,0.15378928184509277,2024-6-9--6:12:11
1000262,1,2.559868097305298,2024-6-9--6:12:13
1000263,1,3.0458571910858154,2024-6-9--6:12:16
1000264,0,0.003365039825439453,2024-6-9--6:12:16
1000265,0,0.002773284912109375,2024-6-9--6:12:16
1000266,1,0.33620119094848633,2024-6-9--6:12:17
1000267,0,0.003633737564086914,2024-6-9--6:12:17
1000268,0,0.0035974979400634766,2024-6-9--6:12:17
1000269,0,0.002593994140625,2024-6-9--6:12:17
1000270,0,0.002902984619140625,2024-6-9--6:12:17
1000271,0,0.002525806427001953,2024-6-9--6:12:17
1000272,0,0.0024924278259277344,2024-6-9--6:12:17
1000273,0,0.0033333301544189453,2024-6-9--6:12:17
1000274,0,0.002482891082763672,2024-6-9--6:12:17
1000275,0,0.0025594234466552734,2024-6-9--6:12:17
1000276,1,1.3976936340332031,2024-6-9--6:12:18
1000277,0,0.004514217376708984,2024-6-9--6:12:18
1000278,0,0.004757881164550781,2024-6-9--6:12:18
1000279,0,0.003272533416748047,2024-6-9--6:12:18
1000280,0,0.0030481815338134766,2024-6-9--6:12:18
1000281,0,0.0031256675720214844,2024-6-9--6:12:18
1000282,0,0.0032434463500976562,2024-6-9--6:12:18
1000283,1,0.3301403522491455,2024-6-9--6:12:18
1000284,0,0.004190206527709961,2024-6-9--6:12:18
1000285,0,0.0035829544067382812,2024-6-9--6:12:18
1000286,0,0.0031464099884033203,2024-6-9--6:12:18
1000287,0,0.005972385406494141,2024-6-9--6:12:18
1000288,0,0.003296375274658203,2024-6-9--6:12:18
1000289,0,0.002935647964477539,2024-6-9--6:12:18
1000290,0,0.0033020973205566406,2024-6-9--6:12:18
1000291,0,0.0031540393829345703,2024-6-9--6:12:18
1000292,0,0.003279447555541992,2024-6-9--6:12:18
1000293,1,0.18729043006896973,2024-6-9--6:12:19
1000294,0,0.003173828125,2024-6-9--6:12:19
1000295,0,0.0033233165740966797,2024-6-9--6:12:19
1000296,0,0.0041027069091796875,2024-6-9--6:12:19
1000297,1,0.08091568946838379,2024-6-9--6:12:19
1000298,0,0.004416942596435547,2024-6-9--6:12:19
1000299,0,0.0033731460571289062,2024-6-9--6:12:19
1000300,0,0.003595590591430664,2024-6-9--6:12:19
1000301,0,0.004044294357299805,2024-6-9--6:12:19
1000302,2,0.6051256656646729,2024-6-9--6:12:19
1000303,0,0.004047393798828125,2024-6-9--6:12:19
1000304,0,0.0026831626892089844,2024-6-9--6:12:19
1000305,1,6.716400861740112,2024-6-9--6:12:26
1000306,1,7.071593999862671,2024-6-9--6:12:33
1000307,0,0.0033960342407226562,2024-6-9--6:12:33
1000308,0,0.0034787654876708984,2024-6-9--6:12:33
1000309,1,0.36740946769714355,2024-6-9--6:12:33
1000310,1,4.964374542236328,2024-6-9--6:12:38
1000311,1,5.187117099761963,2024-6-9--6:12:44
1000312,0,0.004590511322021484,2024-6-9--6:12:44
1000313,1,0.1162877082824707,2024-6-9--6:12:44
1000314,0,0.0033864974975585938,2024-6-9--6:12:44
1000315,1,3.339165449142456,2024-6-9--6:12:47
1400006,3,0.9497036933898926,2024-6-9--6:13:6
1400007,0,0.00522160530090332,2024-6-9--6:13:6
1400008,1,0.35152649879455566,2024-6-9--6:13:6
1400009,3,1.0733013153076172,2024-6-9--6:13:7
1400010,1,0.3475496768951416,2024-6-9--6:13:7
1400011,0,0.0050046443939208984,2024-6-9--6:13:7
1400012,14,5.893974781036377,2024-6-9--6:13:13
1400013,2,4.542080402374268,2024-6-9--6:13:18
1400014,5,3.5886237621307373,2024-6-9--6:13:21
1400015,1,2.385897159576416,2024-6-9--6:13:24
1400016,4,1.1126644611358643,2024-6-9--6:13:25
1400017,0,0.0035905838012695312,2024-6-9--6:13:25
1400018,5,1.3082077503204346,2024-6-9--6:13:26
1400019,1,0.24213838577270508,2024-6-9--6:13:26
1400020,2,0.39754629135131836,2024-6-9--6:13:27
1400021,4,1.774871826171875,2024-6-9--6:13:29
1400022,0,0.003360271453857422,2024-6-9--6:13:29
1400023,9,3.603625535964966,2024-6-9--6:13:32
1400024,5,1.0178799629211426,2024-6-9--6:13:33
1400025,0,0.0036590099334716797,2024-6-9--6:13:33
1400026,0,0.0024645328521728516,2024-6-9--6:13:33
1400027,1,0.2425525188446045,2024-6-9--6:13:33
1400028,0,0.004152059555053711,2024-6-9--6:13:33
1400029,4,0.9771816730499268,2024-6-9--6:13:34
1400030,1,0.1985785961151123,2024-6-9--6:13:35
1400031,0,0.0040760040283203125,2024-6-9--6:13:35
1400032,8,2.215080738067627,2024-6-9--6:13:37
1400033,5,1.2002594470977783,2024-6-9--6:13:38
1400034,1,0.24091005325317383,2024-6-9--6:13:38
1400035,0,0.0030698776245117188,2024-6-9--6:13:38
1400036,7,1.599656343460083,2024-6-9--6:13:40
1400037,0,0.0033118724822998047,2024-6-9--6:13:40
1400038,5,1.5029006004333496,2024-6-9--6:13:41
1400039,2,0.6139955520629883,2024-6-9--6:13:42
1400040,3,0.7680552005767822,2024-6-9--6:13:43
1400041,4,1.0288395881652832,2024-6-9--6:13:44
1400042,4,1.0711731910705566,2024-6-9--6:13:45
1400043,1,0.25328731536865234,2024-6-9--6:13:45
1400044,1,0.3402729034423828,2024-6-9--6:13:45
1400045,0,0.0040476322174072266,2024-6-9--6:13:45
1400046,2,0.6060304641723633,2024-6-9--6:13:46
1400047,0,0.003294706344604492,2024-6-9--6:13:46
1400048,2,0.4445796012878418,2024-6-9--6:13:47
1400049,3,0.6943612098693848,2024-6-9--6:13:47
1400050,1,0.2478475570678711,2024-6-9--6:13:47
1400051,0,0.003949403762817383,2024-6-9--6:13:47
1400052,6,1.5789415836334229,2024-6-9--6:13:49
1400053,3,0.7559523582458496,2024-6-9--6:13:50
1400054,0,0.003548860549926758,2024-6-9--6:13:50
1400055,0,0.0028395652770996094,2024-6-9--6:13:50
1400056,0,0.003126382827758789,2024-6-9--6:13:50
1400057,4,1.0272579193115234,2024-6-9--6:13:51
1400058,2,0.5693385601043701,2024-6-9--6:13:51
1400059,0,0.0039653778076171875,2024-6-9--6:13:51
1400060,11,2.7781310081481934,2024-6-9--6:13:54
1400061,1,0.2034616470336914,2024-6-9--6:13:54
1400062,7,4.4352312088012695,2024-6-9--6:13:59
1400063,1,0.2496337890625,2024-6-9--6:13:59
1400064,5,1.199232578277588,2024-6-9--6:14:0
1400065,0,0.0034956932067871094,2024-6-9--6:14:0
1400066,5,1.1535017490386963,2024-6-9--6:14:1
1400067,0,0.0035457611083984375,2024-6-9--6:14:1
1400068,6,2.7065861225128174,2024-6-9--6:14:4
1400069,4,1.1804008483886719,2024-6-9--6:14:5
1400070,3,0.6896762847900391,2024-6-9--6:14:6
1400071,7,3.3267927169799805,2024-6-9--6:14:9
1400072,1,1.650235652923584,2024-6-9--6:14:11
1400073,10,2.5122885704040527,2024-6-9--6:14:14
1400074,4,1.0782356262207031,2024-6-9--6:14:15
1400075,2,0.4847872257232666,2024-6-9--6:14:15
1400076,2,0.48404574394226074,2024-6-9--6:14:16
1400077,3,0.6431131362915039,2024-6-9--6:14:16
1400078,0,0.0032892227172851562,2024-6-9--6:14:16
1400079,0,0.003226041793823242,2024-6-9--6:14:16
1400080,3,0.7256355285644531,2024-6-9--6:14:17
1400081,1,1.6236214637756348,2024-6-9--6:14:19
1400082,7,1.9627861976623535,2024-6-9--6:14:21
1400083,0,0.0037064552307128906,2024-6-9--6:14:21
1400084,12,3.2714650630950928,2024-6-9--6:14:24
1400085,0,0.004206180572509766,2024-6-9--6:14:24
1400086,1,0.24143385887145996,2024-6-9--6:14:24
1400087,6,1.391493797302246,2024-6-9--6:14:25
1400088,3,0.743776798248291,2024-6-9--6:14:26
1700001,1,0.2718048095703125,2024-6-9--6:17:51
1700001,1,0.2853672504425049,2024-6-9--6:19:35
1700001,1,0.1463789939880371,2024-6-9--6:31:52
1700001,1,113.74543118476868,2024-6-9--6:34:48
1700001,1,1.772454023361206,2024-6-9--6:38:26
1700002,26,25.823808193206787,2024-6-9--6:38:52
1700003,1,0.19243431091308594,2024-6-9--6:38:52
1700001,1,0.14899492263793945,2024-6-9--6:39:13
1700001,1,369.68554615974426,2024-6-9--6:45:54
1700001,1,0.05813264846801758,2024-6-9--6:47:0
1700002,26,2.85207462310791,2024-6-9--6:47:3
1700003,1,0.11086201667785645,2024-6-9--6:47:3
3000001,37,9.335134267807007,2024-6-9--7:29:11
3000002,7,1.097048044204712,2024-6-9--7:29:12
3000003,0,0.004420042037963867,2024-6-9--7:29:12
1700001,1,0.1458144187927246,2024-6-9--7:33:11
1700002,26,4.056196212768555,2024-6-9--7:33:15
1700003,1,0.15291905403137207,2024-6-9--7:33:15
3167443,82,29.798972368240356,2024-6-9--14:16:9
3167444,104,33.23292303085327,2024-6-9--14:16:42
3167445,70,22.399258375167847,2024-6-9--14:17:4
3167446,8,1.8302805423736572,2024-6-9--14:17:6
3167447,1,0.46497297286987305,2024-6-9--14:17:7
3167448,24,5.631801128387451,2024-6-9--14:17:12
3167449,27,6.965512752532959,2024-6-9--14:17:19
3167450,94,31.27833318710327,2024-6-9--14:17:50
3167451,81,25.491427183151245,2024-6-9--14:18:16
3167452,26,6.273843050003052,2024-6-9--14:18:22
3167453,35,10.398815631866455,2024-6-9--14:18:33
3167454,71,24.746609687805176,2024-6-9--14:18:57
3167455,89,31.312127113342285,2024-6-9--14:19:29
3167456,84,28.07416272163391,2024-6-9--14:19:57
3167457,54,14.170929908752441,2024-6-9--14:20:11
3167458,35,11.146054983139038,2024-6-9--14:20:22
3167459,0,0.0026674270629882812,2024-6-9--14:20:22
3167460,0,0.002615690231323242,2024-6-9--14:20:22
3167461,77,31.240633964538574,2024-6-9--14:20:53
3167462,24,6.156825065612793,2024-6-9--14:21:0
3167463,45,12.553425788879395,2024-6-9--14:21:12
3167464,97,33.0028030872345,2024-6-9--14:21:45
3167465,47,14.348032712936401,2024-6-9--14:21:59
3167466,85,30.821027517318726,2024-6-9--14:22:30
3167467,73,22.25930643081665,2024-6-9--14:22:53
3167468,73,23.16225290298462,2024-6-9--14:23:16
3167469,13,4.535395860671997,2024-6-9--14:23:20
3167470,67,31.218150854110718,2024-6-9--14:23:51
3167471,56,28.30927324295044,2024-6-9--14:24:20
3167472,56,17.770962476730347,2024-6-9--14:24:37
3167473,33,8.283248662948608,2024-6-9--14:24:46
3167474,91,32.968491077423096,2024-6-9--14:25:19
3167475,58,17.4202983379364,2024-6-9--14:25:36
3167476,86,30.56837558746338,2024-6-9--14:26:7
3167477,41,15.274261236190796,2024-6-9--14:26:22
3167478,77,29.570341110229492,2024-6-9--14:26:52
3167479,25,7.029049634933472,2024-6-9--14:26:59
3167480,0,0.0029785633087158203,2024-6-9--14:26:59
3167481,77,30.506678104400635,2024-6-9--14:27:29
3167482,46,15.259032487869263,2024-6-9--14:27:44
3167483,35,9.157468795776367,2024-6-9--14:27:54
3167484,100,32.415327072143555,2024-6-9--14:28:26
3167485,33,11.264437913894653,2024-6-9--14:28:37
3167486,31,11.045172691345215,2024-6-9--14:28:48
3167487,29,11.147523403167725,2024-6-9--14:28:59
3167488,0,0.0031952857971191406,2024-6-9--14:28:59
3167489,12,4.109998941421509,2024-6-9--14:29:4
3167490,22,6.235665798187256,2024-6-9--14:29:10
3167491,93,32.15033030509949,2024-6-9--14:29:42
3167492,95,31.745527029037476,2024-6-9--14:30:14
3167493,87,30.23906898498535,2024-6-9--14:30:44
3167494,89,29.816309928894043,2024-6-9--14:31:14
3167495,100,31.955910205841064,2024-6-9--14:31:46
3167496,23,9.604143857955933,2024-6-9--14:31:55
3167497,62,19.0495822429657,2024-6-9--14:32:14
3167498,12,3.2072088718414307,2024-6-9--14:32:18
3167499,39,12.753810405731201,2024-6-9--14:32:30
3167500,22,5.806772708892822,2024-6-9--14:32:36
3167501,10,2.0856032371520996,2024-6-9--14:32:38
3167502,80,23.95823621749878,2024-6-9--14:33:2
3167503,88,31.499871492385864,2024-6-9--14:33:34
3167504,80,26.57946538925171,2024-6-9--14:34:0
3167505,84,412.85928654670715,2024-6-9--14:40:53
3167506,89,30.52807331085205,2024-6-9--14:41:24
3167507,116,35.16396355628967,2024-6-9--14:41:59
3167508,42,30.58968162536621,2024-6-9--14:42:29
3167509,78,31.602125644683838,2024-6-9--14:43:1
3167510,22,29.232865571975708,2024-6-9--14:43:30
3167511,2,21.02288508415222,2024-6-9--14:43:51
3167512,79,29.06015944480896,2024-6-9--14:44:20
3167513,88,30.11820650100708,2024-6-9--14:44:50
3167514,37,24.776107788085938,2024-6-9--14:45:15
3167515,53,16.899081468582153,2024-6-9--14:45:32
3167516,50,15.302253723144531,2024-6-9--14:45:47
3167517,67,28.10831069946289,2024-6-9--14:46:15
3167518,75,19.158730030059814,2024-6-9--14:46:35
3167519,39,12.277060508728027,2024-6-9--14:46:47
3167520,8,2.5454628467559814,2024-6-9--14:46:49
3167521,36,9.274571895599365,2024-6-9--14:46:59
3167522,1,0.1415393352508545,2024-6-9--14:46:59
3167523,8,1.3545174598693848,2024-6-9--14:47:0
3167524,23,5.146181106567383,2024-6-9--14:47:5
3167525,23,6.9238598346710205,2024-6-9--14:47:12
3167525,23,10.041633605957031,2024-6-10--11:1:40
3167213,63,24.200438976287842,2024-6-10--11:2:23
3167214,86,28.42548179626465,2024-6-10--11:2:51
3167215,103,35.391942739486694,2024-6-10--11:3:27
3167216,62,30.67096734046936,2024-6-10--11:3:57
3167214,86,153.07113909721375,2024-6-10--11:7:20
3167214,86,150.17360758781433,2024-6-10--13:33:34
